10025684	CPR:4	Y	?	Arg1:T1	Arg2:T3
10025684	CPR:4	Y	?	Arg1:T2	Arg2:T4
10027835	CPR:4	Y	?	Arg1:T1	Arg2:T3
10027835	CPR:4	Y	?	Arg1:T2	Arg2:T4
10027842	CPR:5	Y	?	Arg1:T1	Arg2:T4
10027842	CPR:5	Y	?	Arg1:T2	Arg2:T5
10027842	CPR:5	Y	?	Arg1:T3	Arg2:T6
10027850	CPR:5	Y	?	Arg1:T1	Arg2:T4
10027850	CPR:5	Y	?	Arg1:T2	Arg2:T5
10027850	CPR:5	Y	?	Arg1:T3	Arg2:T6
10028924	CPR:4	Y	?	Arg1:T1	Arg2:T4
10028924	CPR:4	Y	?	Arg1:T2	Arg2:T5
10028924	CPR:4	Y	?	Arg1:T3	Arg2:T6
10037500	CPR:4	Y	?	Arg1:T1	Arg2:T2
10051426	CPR:6	Y	?	Arg1:T1	Arg2:T3
10051426	CPR:6	Y	?	Arg1:T2	Arg2:T5
10051426	CPR:6	Y	?	Arg1:T1	Arg2:T4
10051426	CPR:6	Y	?	Arg1:T2	Arg2:T6
10052979	CPR:4	Y	?	Arg1:T1	Arg2:T4
10052979	CPR:4	Y	?	Arg1:T2	Arg2:T5
10052979	CPR:4	Y	?	Arg1:T3	Arg2:T6
10064829	CPR:5	Y	?	Arg1:T1	Arg2:T3
10064829	CPR:5	Y	?	Arg1:T2	Arg2:T4
10067800	CPR:6	Y	?	Arg1:T1	Arg2:T3
10067800	CPR:6	Y	?	Arg1:T2	Arg2:T4
10068594	CPR:4	Y	?	Arg1:T1	Arg2:T2
10069682	CPR:6	Y	?	Arg1:T1	Arg2:T2
10073743	CPR:5	Y	?	Arg1:T1	Arg2:T2
10075051	CPR:4	Y	?	Arg1:T1	Arg2:T2
10075381	CPR:6	Y	?	Arg1:T1	Arg2:T2
10082805	CPR:4	Y	?	Arg1:T1	Arg2:T2
10088139	CPR:6	Y	?	Arg1:T1	Arg2:T2
10091674	CPR:4	Y	?	Arg1:T1	Arg2:T5
10091674	CPR:4	Y	?	Arg1:T2	Arg2:T6
10091674	CPR:4	Y	?	Arg1:T3	Arg2:T7
10091674	CPR:4	Y	?	Arg1:T4	Arg2:T8
10101238	CPR:5	Y	?	Arg1:T1	Arg2:T6
10101238	CPR:5	Y	?	Arg1:T2	Arg2:T7
10101238	CPR:5	Y	?	Arg1:T3	Arg2:T8
10101238	CPR:5	Y	?	Arg1:T4	Arg2:T9
10101238	CPR:5	Y	?	Arg1:T5	Arg2:T10
10102370	CPR:4	Y	?	Arg1:T1	Arg2:T2
10103097	CPR:4	Y	?	Arg1:T1	Arg2:T2
10188639	CPR:4	Y	?	Arg1:T1	Arg2:T2
10188968	CPR:5	Y	?	Arg1:T1	Arg2:T3
10188968	CPR:5	Y	?	Arg1:T2	Arg2:T4
10199854	CPR:4	Y	?	Arg1:T1	Arg2:T2
10199939	CPR:4	Y	?	Arg1:T1	Arg2:T4
10199939	CPR:4	Y	?	Arg1:T2	Arg2:T5
10199939	CPR:4	Y	?	Arg1:T1	Arg2:T3
10199939	CPR:4	Y	?	Arg1:T2	Arg2:T6
10208549	CPR:4	Y	?	Arg1:T1	Arg2:T6
10208549	CPR:4	Y	?	Arg1:T2	Arg2:T7
10208549	CPR:4	Y	?	Arg1:T3	Arg2:T8
10208549	CPR:4	Y	?	Arg1:T4	Arg2:T9
10208549	CPR:4	Y	?	Arg1:T5	Arg2:T10
10210906	CPR:4	Y	?	Arg1:T1	Arg2:T2
10212017	CPR:6	Y	?	Arg1:T1	Arg2:T2
10214942	CPR:5	Y	?	Arg1:T1	Arg2:T4
10214942	CPR:5	Y	?	Arg1:T2	Arg2:T5
10214942	CPR:5	Y	?	Arg1:T3	Arg2:T6
10215667	CPR:6	Y	?	Arg1:T1	Arg2:T4
10215667	CPR:6	Y	?	Arg1:T2	Arg2:T5
10215667	CPR:6	Y	?	Arg1:T3	Arg2:T6
10215901	CPR:5	Y	?	Arg1:T1	Arg2:T6
10215901	CPR:5	Y	?	Arg1:T2	Arg2:T7
10215901	CPR:5	Y	?	Arg1:T3	Arg2:T8
10215901	CPR:5	Y	?	Arg1:T4	Arg2:T9
10215901	CPR:5	Y	?	Arg1:T5	Arg2:T10
10220944	CPR:4	Y	?	Arg1:T1	Arg2:T2
10221756	CPR:5	Y	?	Arg1:T1	Arg2:T2
10222233	CPR:5	Y	?	Arg1:T1	Arg2:T2
10224140	CPR:4	Y	?	Arg1:T1	Arg2:T2
10227113	CPR:6	Y	?	Arg1:T3	Arg2:T7
10227113	CPR:6	Y	?	Arg1:T1	Arg2:T5
10227113	CPR:6	Y	?	Arg1:T4	Arg2:T8
10227113	CPR:6	Y	?	Arg1:T2	Arg2:T6
10227113	CPR:6	Y	?	Arg1:T4	Arg2:T9
10229494	CPR:4	Y	?	Arg1:T1	Arg2:T2
10231134	CPR:6	Y	?	Arg1:T1	Arg2:T4
10231134	CPR:6	Y	?	Arg1:T2	Arg2:T5
10231134	CPR:6	Y	?	Arg1:T3	Arg2:T6
10328880	CPR:5	Y	?	Arg1:T1	Arg2:T2
10328995	CPR:5	Y	?	Arg1:T1	Arg2:T2
10331108	CPR:6	Y	?	Arg1:T1	Arg2:T2
10358065	CPR:4	Y	?	Arg1:T1	Arg2:T2
10363282	CPR:4	Y	?	Arg1:T1	Arg2:T2
10365684	CPR:4	Y	?	Arg1:T1	Arg2:T3
10365684	CPR:4	Y	?	Arg1:T2	Arg2:T3
10368402	CPR:4	Y	?	Arg1:T1	Arg2:T2
10372826	CPR:4	Y	?	Arg1:T1	Arg2:T2
10374120	CPR:6	Y	?	Arg1:T1	Arg2:T2
10374898	CPR:6	Y	?	Arg1:T1	Arg2:T3
10374898	CPR:6	Y	?	Arg1:T2	Arg2:T4
10376921	CPR:4	Y	?	Arg1:T1	Arg2:T4
10376921	CPR:4	Y	?	Arg1:T2	Arg2:T5
10376921	CPR:4	Y	?	Arg1:T3	Arg2:T6
10378121	CPR:4	Y	?	Arg1:T1	Arg2:T3
10378121	CPR:4	Y	?	Arg1:T2	Arg2:T4
10403429	CPR:3	Y	?	Arg1:T1	Arg2:T3
10403429	CPR:3	Y	?	Arg1:T2	Arg2:T4
10403500	CPR:4	Y	?	Arg1:T1	Arg2:T7
10403500	CPR:4	Y	?	Arg1:T2	Arg2:T8
10403500	CPR:4	Y	?	Arg1:T3	Arg2:T9
10403500	CPR:4	Y	?	Arg1:T4	Arg2:T10
10403500	CPR:4	Y	?	Arg1:T5	Arg2:T11
10403500	CPR:4	Y	?	Arg1:T6	Arg2:T12
10413067	CPR:6	Y	?	Arg1:T1	Arg2:T5
10413067	CPR:6	Y	?	Arg1:T2	Arg2:T6
10413067	CPR:6	Y	?	Arg1:T3	Arg2:T7
10413067	CPR:6	Y	?	Arg1:T4	Arg2:T8
10418858	CPR:6	Y	?	Arg1:T1	Arg2:T2
10420171	CPR:4	Y	?	Arg1:T1	Arg2:T2
10421444	CPR:4	Y	?	Arg1:T1	Arg2:T2
10422661	CPR:4	Y	?	Arg1:T1	Arg2:T2
10422790	CPR:4	Y	?	Arg1:T1	Arg2:T4
10422790	CPR:4	Y	?	Arg1:T2	Arg2:T5
10422790	CPR:4	Y	?	Arg1:T3	Arg2:T6
10428422	CPR:5	Y	?	Arg1:T1	Arg2:T2
10430100	CPR:4	Y	?	Arg1:T1	Arg2:T2
10433496	CPR:6	Y	?	Arg1:T2	Arg2:T5
10433496	CPR:6	Y	?	Arg1:T3	Arg2:T5
10433496	CPR:6	Y	?	Arg1:T4	Arg2:T5
10433496	CPR:5	Y	?	Arg1:T1	Arg2:T6
10433496	CPR:6	Y	?	Arg1:T3	Arg2:T6
10433700	CPR:4	Y	?	Arg1:T1	Arg2:T2
10435395	CPR:6	Y	?	Arg1:T1	Arg2:T2
10435400	CPR:6	Y	?	Arg1:T1	Arg2:T5
10435400	CPR:6	Y	?	Arg1:T2	Arg2:T6
10435400	CPR:6	Y	?	Arg1:T3	Arg2:T7
10435400	CPR:6	Y	?	Arg1:T4	Arg2:T8
10444479	CPR:4	Y	?	Arg1:T1	Arg2:T2
10450786	CPR:4	Y	?	Arg1:T1	Arg2:T2
10454501	CPR:5	Y	?	Arg1:T1	Arg2:T2
10455274	CPR:5	Y	?	Arg1:T2	Arg2:T3
10455274	CPR:5	Y	?	Arg1:T1	Arg2:T3
10455282	CPR:6	Y	?	Arg1:T1	Arg2:T2
10458598	CPR:5	Y	?	Arg1:T1	Arg2:T2
10463324	CPR:5	Y	?	Arg1:T1	Arg2:T2
10475242	CPR:5	Y	?	Arg1:T1	Arg2:T2
10482907	CPR:4	Y	?	Arg1:T1	Arg2:T2
10485477	CPR:5	Y	?	Arg1:T1	Arg2:T3
10485477	CPR:5	Y	?	Arg1:T2	Arg2:T4
10485483	CPR:4	Y	?	Arg1:T1	Arg2:T2
10494028	CPR:5	Y	?	Arg1:T1	Arg2:T3
10494028	CPR:5	Y	?	Arg1:T2	Arg2:T3
10494488	CPR:5	Y	?	Arg1:T1	Arg2:T2
10500149	CPR:6	Y	?	Arg1:T1	Arg2:T3
10500149	CPR:6	Y	?	Arg1:T2	Arg2:T3
10510461	CPR:4	Y	?	Arg1:T1	Arg2:T6
10510461	CPR:4	Y	?	Arg1:T2	Arg2:T7
10510461	CPR:4	Y	?	Arg1:T3	Arg2:T8
10510461	CPR:4	Y	?	Arg1:T4	Arg2:T9
10510461	CPR:4	Y	?	Arg1:T5	Arg2:T10
10513568	CPR:4	Y	?	Arg1:T1	Arg2:T9
10513568	CPR:4	Y	?	Arg1:T3	Arg2:T10
10513568	CPR:4	Y	?	Arg1:T5	Arg2:T11
10513568	CPR:4	Y	?	Arg1:T7	Arg2:T12
10513568	CPR:4	Y	?	Arg1:T2	Arg2:T9
10513568	CPR:4	Y	?	Arg1:T4	Arg2:T10
10513568	CPR:4	Y	?	Arg1:T6	Arg2:T11
10513568	CPR:4	Y	?	Arg1:T8	Arg2:T12
10518593	CPR:3	Y	?	Arg1:T1	Arg2:T3
10518593	CPR:3	Y	?	Arg1:T2	Arg2:T4
10529188	CPR:4	Y	?	Arg1:T1	Arg2:T2
10548525	CPR:5	Y	?	Arg1:T1	Arg2:T2
10555907	CPR:4	Y	?	Arg1:T1	Arg2:T3
10555907	CPR:4	Y	?	Arg1:T2	Arg2:T4
10566562	CPR:4	Y	?	Arg1:T1	Arg2:T3
10566562	CPR:4	Y	?	Arg1:T2	Arg2:T4
10567199	CPR:4	Y	?	Arg1:T1	Arg2:T3
10567199	CPR:4	Y	?	Arg1:T2	Arg2:T4
10567922	CPR:4	Y	?	Arg1:T1	Arg2:T2
10575045	CPR:4	Y	?	Arg1:T1	Arg2:T2
10580458	CPR:4	Y	?	Arg1:T1	Arg2:T2
10581306	CPR:3	Y	?	Arg1:T1	Arg2:T2
10601100	CPR:5	Y	?	Arg1:T1	Arg2:T3
10601100	CPR:5	Y	?	Arg1:T2	Arg2:T4
10604939	CPR:3	Y	?	Arg1:T1	Arg2:T2
10606440	CPR:6	Y	?	Arg1:T1	Arg2:T2
10625393	CPR:4	Y	?	Arg1:T1	Arg2:T2
10639181	CPR:4	Y	?	Arg1:T1	Arg2:T3
10639181	CPR:4	Y	?	Arg1:T2	Arg2:T4
10648647	CPR:4	Y	?	Arg1:T1	Arg2:T4
10648647	CPR:4	Y	?	Arg1:T2	Arg2:T5
10648647	CPR:4	Y	?	Arg1:T3	Arg2:T6
10651143	CPR:4	Y	?	Arg1:T1	Arg2:T2
10651997	CPR:5	Y	?	Arg1:T1	Arg2:T3
10651997	CPR:5	Y	?	Arg1:T2	Arg2:T4
10657949	CPR:4	Y	?	Arg1:T1	Arg2:T2
10673128	CPR:4	Y	?	Arg1:T1	Arg2:T3
10673128	CPR:4	Y	?	Arg1:T2	Arg2:T4
10685879	CPR:4	Y	?	Arg1:T1	Arg2:T3
10685879	CPR:4	Y	?	Arg1:T2	Arg2:T4
10712445	CPR:4	Y	?	Arg1:T1	Arg2:T2
10713582	CPR:4	Y	?	Arg1:T1	Arg2:T2
10727523	CPR:4	Y	?	Arg1:T1	Arg2:T3
10727523	CPR:4	Y	?	Arg1:T2	Arg2:T4
10727523	CPR:4	Y	?	Arg1:T2	Arg2:T5
10741458	CPR:4	Y	?	Arg1:T1	Arg2:T3
10741458	CPR:4	Y	?	Arg1:T2	Arg2:T4
10742172	CPR:6	Y	?	Arg1:T1	Arg2:T3
10742172	CPR:6	Y	?	Arg1:T2	Arg2:T4
10753628	CPR:5	Y	?	Arg1:T1	Arg2:T2
10755318	CPR:3	Y	?	Arg1:T1	Arg2:T2
10758053	CPR:4	Y	?	Arg1:T1	Arg2:T2
10762042	CPR:4	Y	?	Arg1:T1	Arg2:T2
10762666	CPR:4	Y	?	Arg1:T1	Arg2:T5
10762666	CPR:4	Y	?	Arg1:T2	Arg2:T6
10762666	CPR:4	Y	?	Arg1:T3	Arg2:T7
10762666	CPR:4	Y	?	Arg1:T4	Arg2:T8
10764590	CPR:5	Y	?	Arg1:T1	Arg2:T2
10766749	CPR:4	Y	?	Arg1:T1	Arg2:T5
10766749	CPR:4	Y	?	Arg1:T2	Arg2:T6
10766749	CPR:4	Y	?	Arg1:T3	Arg2:T7
10766749	CPR:4	Y	?	Arg1:T4	Arg2:T8
10770198	CPR:6	Y	?	Arg1:T1	Arg2:T6
10770198	CPR:6	Y	?	Arg1:T2	Arg2:T7
10770198	CPR:6	Y	?	Arg1:T3	Arg2:T8
10770198	CPR:6	Y	?	Arg1:T4	Arg2:T9
10770198	CPR:6	Y	?	Arg1:T5	Arg2:T10
10773011	CPR:4	Y	?	Arg1:T1	Arg2:T3
10773011	CPR:4	Y	?	Arg1:T2	Arg2:T4
10773014	CPR:4	Y	?	Arg1:T1	Arg2:T5
10773014	CPR:4	Y	?	Arg1:T3	Arg2:T6
10773014	CPR:4	Y	?	Arg1:T2	Arg2:T6
10773014	CPR:4	Y	?	Arg1:T4	Arg2:T7
10787442	CPR:5	Y	?	Arg1:T1	Arg2:T2
10793196	CPR:4	Y	?	Arg1:T1	Arg2:T2
10793196	CPR:4	Y	?	Arg1:T1	Arg2:T3
10799317	CPR:5	Y	?	Arg1:T1	Arg2:T3
10799317	CPR:5	Y	?	Arg1:T2	Arg2:T4
10799660	CPR:6	Y	?	Arg1:T1	Arg2:T2
10805052	CPR:6	Y	?	Arg1:T1	Arg2:T2
10814558	CPR:4	Y	?	Arg1:T1	Arg2:T2
10814558	CPR:6	Y	?	Arg1:T1	Arg2:T2
10815932	CPR:6	Y	?	Arg1:T1	Arg2:T2
10821438	CPR:6	Y	?	Arg1:T1	Arg2:T3
10821438	CPR:6	Y	?	Arg1:T2	Arg2:T4
10823899	CPR:4	Y	?	Arg1:T1	Arg2:T2
10824628	CPR:5	Y	?	Arg1:T1	Arg2:T2
10826401	CPR:6	Y	?	Arg1:T1	Arg2:T3
10826401	CPR:6	Y	?	Arg1:T2	Arg2:T4
10828060	CPR:5	Y	?	Arg1:T1	Arg2:T2
10831180	CPR:6	Y	?	Arg1:T1	Arg2:T5
10831180	CPR:6	Y	?	Arg1:T2	Arg2:T6
10831180	CPR:6	Y	?	Arg1:T3	Arg2:T7
10831180	CPR:6	Y	?	Arg1:T4	Arg2:T8
10836199	CPR:5	Y	?	Arg1:T1	Arg2:T2
10841524	CPR:4	Y	?	Arg1:T1	Arg2:T2
10856732	CPR:6	Y	?	Arg1:T1	Arg2:T2
10860024	CPR:4	Y	?	Arg1:T1	Arg2:T2
10869387	CPR:4	Y	?	Arg1:T1	Arg2:T4
10869387	CPR:4	Y	?	Arg1:T3	Arg2:T5
10869387	CPR:4	Y	?	Arg1:T2	Arg2:T4
10869589	CPR:4	Y	?	Arg1:T1	Arg2:T2
10869589	CPR:6	Y	?	Arg1:T1	Arg2:T2
10871202	CPR:6	Y	?	Arg1:T1	Arg2:T6
10871202	CPR:6	Y	?	Arg1:T2	Arg2:T7
10871202	CPR:6	Y	?	Arg1:T3	Arg2:T8
10871202	CPR:6	Y	?	Arg1:T4	Arg2:T9
10871202	CPR:6	Y	?	Arg1:T5	Arg2:T10
10873710	CPR:4	Y	?	Arg1:T1	Arg2:T4
10873710	CPR:4	Y	?	Arg1:T2	Arg2:T5
10873710	CPR:4	Y	?	Arg1:T3	Arg2:T6
10879826	CPR:3	Y	?	Arg1:T1	Arg2:T3
10879826	CPR:3	Y	?	Arg1:T2	Arg2:T4
10898598	CPR:4	Y	?	Arg1:T1	Arg2:T2
10917554	CPR:4	Y	?	Arg1:T1	Arg2:T5
10917554	CPR:4	Y	?	Arg1:T3	Arg2:T7
10917554	CPR:4	Y	?	Arg1:T4	Arg2:T8
10917554	CPR:4	Y	?	Arg1:T2	Arg2:T6
10921913	CPR:6	Y	?	Arg1:T1	Arg2:T2
10922459	CPR:5	Y	?	Arg1:T1	Arg2:T2
10950107	CPR:6	Y	?	Arg1:T1	Arg2:T3
10950107	CPR:6	Y	?	Arg1:T2	Arg2:T4
10951268	CPR:5	Y	?	Arg1:T1	Arg2:T2
10952689	CPR:4	Y	?	Arg1:T1	Arg2:T5
10952689	CPR:4	Y	?	Arg1:T2	Arg2:T6
10952689	CPR:4	Y	?	Arg1:T3	Arg2:T7
10952689	CPR:4	Y	?	Arg1:T4	Arg2:T8
10961955	CPR:4	Y	?	Arg1:T1	Arg2:T3
10961955	CPR:4	Y	?	Arg1:T2	Arg2:T4
10968199	CPR:6	Y	?	Arg1:T1	Arg2:T2
10977131	CPR:4	Y	?	Arg1:T1	Arg2:T4
10977131	CPR:4	Y	?	Arg1:T2	Arg2:T5
10977131	CPR:4	Y	?	Arg1:T3	Arg2:T6
10991846	CPR:4	Y	?	Arg1:T1	Arg2:T2
10991846	CPR:6	Y	?	Arg1:T1	Arg2:T2
10995826	CPR:4	Y	?	Arg1:T1	Arg2:T2
10997731	CPR:6	Y	?	Arg1:T4	Arg2:T6
10997731	CPR:6	Y	?	Arg1:T1	Arg2:T6
10997731	CPR:6	Y	?	Arg1:T2	Arg2:T6
10997731	CPR:6	Y	?	Arg1:T5	Arg2:T7
10997731	CPR:6	Y	?	Arg1:T3	Arg2:T6
10998224	CPR:4	Y	?	Arg1:T1	Arg2:T3
10998224	CPR:4	Y	?	Arg1:T2	Arg2:T4
11006272	CPR:6	Y	?	Arg1:T1	Arg2:T2
11009046	CPR:4	Y	?	Arg1:T1	Arg2:T2
11018525	CPR:5	Y	?	Arg1:T1	Arg2:T3
11018525	CPR:5	Y	?	Arg1:T2	Arg2:T4
11027924	CPR:4	Y	?	Arg1:T1	Arg2:T3
11027924	CPR:4	Y	?	Arg1:T2	Arg2:T3
11041225	CPR:5	Y	?	Arg1:T1	Arg2:T3
11041225	CPR:5	Y	?	Arg1:T2	Arg2:T4
11046101	CPR:6	Y	?	Arg1:T1	Arg2:T2
11050088	CPR:4	Y	?	Arg1:T3	Arg2:T8
11050088	CPR:4	Y	?	Arg1:T2	Arg2:T6
11050088	CPR:4	Y	?	Arg1:T1	Arg2:T4
11050088	CPR:4	Y	?	Arg1:T2	Arg2:T5
11050088	CPR:4	Y	?	Arg1:T3	Arg2:T7
11061213	CPR:4	Y	?	Arg1:T1	Arg2:T2
11069595	CPR:5	Y	?	Arg1:T1	Arg2:T2
11073937	CPR:4	Y	?	Arg1:T1	Arg2:T2
11078030	CPR:4	Y	?	Arg1:T2	Arg2:T3
11078030	CPR:4	Y	?	Arg1:T1	Arg2:T3
11090546	CPR:4	Y	?	Arg1:T1	Arg2:T7
11090546	CPR:4	Y	?	Arg1:T2	Arg2:T8
11090546	CPR:4	Y	?	Arg1:T3	Arg2:T9
11090546	CPR:4	Y	?	Arg1:T4	Arg2:T10
11090546	CPR:4	Y	?	Arg1:T5	Arg2:T11
11090546	CPR:4	Y	?	Arg1:T6	Arg2:T12
11102491	CPR:6	Y	?	Arg1:T1	Arg2:T2
11103883	CPR:6	Y	?	Arg1:T1	Arg2:T3
11103883	CPR:6	Y	?	Arg1:T2	Arg2:T4
11108662	CPR:4	Y	?	Arg1:T1	Arg2:T2
11118042	CPR:4	Y	?	Arg1:T1	Arg2:T3
11118042	CPR:4	Y	?	Arg1:T2	Arg2:T4
11120594	CPR:5	Y	?	Arg1:T1	Arg2:T3
11120594	CPR:5	Y	?	Arg1:T2	Arg2:T4
11121413	CPR:4	Y	?	Arg1:T1	Arg2:T2
11132243	CPR:6	Y	?	Arg1:T1	Arg2:T5
11132243	CPR:6	Y	?	Arg1:T2	Arg2:T6
11132243	CPR:6	Y	?	Arg1:T1	Arg2:T6
11132243	CPR:5	Y	?	Arg1:T3	Arg2:T6
11132243	CPR:5	Y	?	Arg1:T4	Arg2:T11
11132243	CPR:6	Y	?	Arg1:T3	Arg2:T7
11132243	CPR:6	Y	?	Arg1:T4	Arg2:T12
11132243	CPR:6	Y	?	Arg1:T2	Arg2:T7
11132243	CPR:6	Y	?	Arg1:T1	Arg2:T8
11132243	CPR:6	Y	?	Arg1:T2	Arg2:T8
11132243	CPR:6	Y	?	Arg1:T3	Arg2:T9
11132243	CPR:6	Y	?	Arg1:T4	Arg2:T10
11132243	CPR:6	Y	?	Arg1:T1	Arg2:T9
11132243	CPR:6	Y	?	Arg1:T2	Arg2:T9
11153163	CPR:4	Y	?	Arg1:T2	Arg2:T3
11153163	CPR:4	Y	?	Arg1:T1	Arg2:T3
11164846	CPR:4	Y	?	Arg1:T1	Arg2:T3
11164846	CPR:4	Y	?	Arg1:T2	Arg2:T4
11166283	CPR:4	Y	?	Arg1:T1	Arg2:T5
11166283	CPR:4	Y	?	Arg1:T2	Arg2:T6
11166283	CPR:4	Y	?	Arg1:T3	Arg2:T7
11166283	CPR:4	Y	?	Arg1:T4	Arg2:T8
11172467	CPR:5	Y	?	Arg1:T1	Arg2:T2
11180498	CPR:4	Y	?	Arg1:T1	Arg2:T2
11204352	CPR:5	Y	?	Arg1:T1	Arg2:T2
11218067	CPR:5	Y	?	Arg1:T1	Arg2:T2
11222668	CPR:4	Y	?	Arg1:T1	Arg2:T2
11245456	CPR:4	Y	?	Arg1:T1	Arg2:T2
11245463	CPR:4	Y	?	Arg1:T1	Arg2:T2
11247671	CPR:4	Y	?	Arg1:T1	Arg2:T3
11247671	CPR:4	Y	?	Arg1:T2	Arg2:T4
11248372	CPR:4	Y	?	Arg1:T1	Arg2:T3
11248372	CPR:4	Y	?	Arg1:T2	Arg2:T4
11258648	CPR:6	Y	?	Arg1:T1	Arg2:T2
11259539	CPR:4	Y	?	Arg1:T1	Arg2:T5
11259539	CPR:4	Y	?	Arg1:T2	Arg2:T6
11259539	CPR:4	Y	?	Arg1:T3	Arg2:T7
11259539	CPR:4	Y	?	Arg1:T4	Arg2:T8
11271412	CPR:6	Y	?	Arg1:T1	Arg2:T2
11275997	CPR:4	Y	?	Arg1:T1	Arg2:T4
11275997	CPR:4	Y	?	Arg1:T2	Arg2:T5
11275997	CPR:4	Y	?	Arg1:T3	Arg2:T6
11277529	CPR:4	Y	?	Arg1:T1	Arg2:T3
11277529	CPR:4	Y	?	Arg1:T2	Arg2:T4
11290327	CPR:4	Y	?	Arg1:T1	Arg2:T2
11295178	CPR:4	Y	?	Arg1:T1	Arg2:T2
11296551	CPR:4	Y	?	Arg1:T1	Arg2:T2
11300648	CPR:4	Y	?	Arg1:T1	Arg2:T2
11300876	CPR:4	Y	?	Arg1:T1	Arg2:T2
11302941	CPR:4	Y	?	Arg1:T1	Arg2:T2
11304754	CPR:4	Y	?	Arg1:T1	Arg2:T3
11304754	CPR:4	Y	?	Arg1:T2	Arg2:T4
11313435	CPR:4	Y	?	Arg1:T1	Arg2:T2
11319222	CPR:4	Y	?	Arg1:T1	Arg2:T5
11319222	CPR:4	Y	?	Arg1:T2	Arg2:T6
11319222	CPR:4	Y	?	Arg1:T3	Arg2:T7
11319222	CPR:4	Y	?	Arg1:T4	Arg2:T8
11320369	CPR:6	Y	?	Arg1:T1	Arg2:T2
11325413	CPR:4	Y	?	Arg1:T1	Arg2:T3
11325413	CPR:4	Y	?	Arg1:T2	Arg2:T4
11325810	CPR:4	Y	?	Arg1:T1	Arg2:T3
11325810	CPR:4	Y	?	Arg1:T2	Arg2:T4
11325930	CPR:4	Y	?	Arg1:T1	Arg2:T3
11325930	CPR:4	Y	?	Arg1:T2	Arg2:T4
11329095	CPR:4	Y	?	Arg1:T1	Arg2:T2
11330342	CPR:4	Y	?	Arg1:T1	Arg2:T4
11330342	CPR:4	Y	?	Arg1:T2	Arg2:T5
11330342	CPR:4	Y	?	Arg1:T3	Arg2:T6
11342206	CPR:6	Y	?	Arg1:T1	Arg2:T2
11343576	CPR:5	Y	?	Arg1:T1	Arg2:T3
11343576	CPR:5	Y	?	Arg1:T2	Arg2:T4
11350858	CPR:4	Y	?	Arg1:T1	Arg2:T2
11352938	CPR:4	Y	?	Arg1:T1	Arg2:T2
11352979	CPR:6	Y	?	Arg1:T1	Arg2:T4
11352979	CPR:6	Y	?	Arg1:T2	Arg2:T5
11352979	CPR:6	Y	?	Arg1:T3	Arg2:T7
11352979	CPR:4	Y	?	Arg1:T3	Arg2:T6
11357996	CPR:4	Y	?	Arg1:T1	Arg2:T3
11357996	CPR:4	Y	?	Arg1:T2	Arg2:T4
11377395	CPR:4	Y	?	Arg1:T1	Arg2:T3
11377395	CPR:4	Y	?	Arg1:T2	Arg2:T4
11395483	CPR:4	Y	?	Arg1:T1	Arg2:T3
11395483	CPR:4	Y	?	Arg1:T2	Arg2:T4
11408092	CPR:9	Y	?	Arg1:T1	Arg2:T2
11408526	CPR:6	Y	?	Arg1:T1	Arg2:T4
11408526	CPR:6	Y	?	Arg1:T2	Arg2:T5
11408526	CPR:6	Y	?	Arg1:T3	Arg2:T6
11413269	CPR:9	Y	?	Arg1:T1	Arg2:T2
11426832	CPR:4	Y	?	Arg1:T1	Arg2:T3
11426832	CPR:4	Y	?	Arg1:T2	Arg2:T5
11426832	CPR:4	Y	?	Arg1:T1	Arg2:T4
11426832	CPR:4	Y	?	Arg1:T2	Arg2:T6
11443057	CPR:4	Y	?	Arg1:T1	Arg2:T2
11444429	CPR:5	Y	?	Arg1:T1	Arg2:T2
11444497	CPR:6	Y	?	Arg1:T1	Arg2:T3
11444497	CPR:6	Y	?	Arg1:T2	Arg2:T4
11448221	CPR:4	Y	?	Arg1:T1	Arg2:T2
11455015	CPR:4	Y	?	Arg1:T1	Arg2:T2
11463765	CPR:4	Y	?	Arg1:T1	Arg2:T2
11477109	CPR:4	Y	?	Arg1:T1	Arg2:T3
11477109	CPR:4	Y	?	Arg1:T2	Arg2:T4
11486244	CPR:6	Y	?	Arg1:T1	Arg2:T3
11486244	CPR:6	Y	?	Arg1:T2	Arg2:T4
11500505	CPR:4	Y	?	Arg1:T1	Arg2:T3
11500505	CPR:4	Y	?	Arg1:T2	Arg2:T4
11502876	CPR:4	Y	?	Arg1:T1	Arg2:T2
11519881	CPR:5	Y	?	Arg1:T1	Arg2:T2
11524006	CPR:3	Y	?	Arg1:T1	Arg2:T7
11524006	CPR:3	Y	?	Arg1:T2	Arg2:T8
11524006	CPR:3	Y	?	Arg1:T3	Arg2:T9
11524006	CPR:3	Y	?	Arg1:T4	Arg2:T10
11524006	CPR:3	Y	?	Arg1:T5	Arg2:T11
11524006	CPR:3	Y	?	Arg1:T6	Arg2:T12
11524243	CPR:5	Y	?	Arg1:T1	Arg2:T2
11529688	CPR:4	Y	?	Arg1:T1	Arg2:T2
11535580	CPR:4	Y	?	Arg1:T1	Arg2:T4
11535580	CPR:4	Y	?	Arg1:T2	Arg2:T5
11535580	CPR:4	Y	?	Arg1:T3	Arg2:T6
11561080	CPR:4	Y	?	Arg1:T1	Arg2:T5
11561080	CPR:4	Y	?	Arg1:T2	Arg2:T6
11561080	CPR:4	Y	?	Arg1:T3	Arg2:T7
11561080	CPR:4	Y	?	Arg1:T4	Arg2:T8
11563332	CPR:4	Y	?	Arg1:T1	Arg2:T2
11569611	CPR:6	Y	?	Arg1:T1	Arg2:T2
11570967	CPR:5	Y	?	Arg1:T1	Arg2:T2
11588175	CPR:4	Y	?	Arg1:T1	Arg2:T2
11588534	CPR:6	Y	?	Arg1:T1	Arg2:T2
11594437	CPR:5	Y	?	Arg1:T1	Arg2:T3
11594437	CPR:5	Y	?	Arg1:T2	Arg2:T4
11594443	CPR:6	Y	?	Arg1:T2	Arg2:T5
11594443	CPR:6	Y	?	Arg1:T1	Arg2:T4
11594443	CPR:6	Y	?	Arg1:T2	Arg2:T6
11594443	CPR:6	Y	?	Arg1:T3	Arg2:T7
11642004	CPR:5	Y	?	Arg1:T1	Arg2:T2
11669456	CPR:4	Y	?	Arg1:T1	Arg2:T2
11669467	CPR:4	Y	?	Arg1:T1	Arg2:T4
11669467	CPR:4	Y	?	Arg1:T2	Arg2:T5
11669467	CPR:4	Y	?	Arg1:T3	Arg2:T6
11689132	CPR:4	Y	?	Arg1:T1	Arg2:T2
11697552	CPR:6	Y	?	Arg1:T1	Arg2:T5
11697552	CPR:6	Y	?	Arg1:T2	Arg2:T6
11697552	CPR:6	Y	?	Arg1:T3	Arg2:T7
11697552	CPR:6	Y	?	Arg1:T4	Arg2:T8
11698253	CPR:4	Y	?	Arg1:T1	Arg2:T2
11719704	CPR:4	Y	?	Arg1:T1	Arg2:T3
11719704	CPR:4	Y	?	Arg1:T2	Arg2:T4
11723241	CPR:4	Y	?	Arg1:T1	Arg2:T4
11723241	CPR:4	Y	?	Arg1:T2	Arg2:T5
11723241	CPR:4	Y	?	Arg1:T3	Arg2:T6
11728190	CPR:4	Y	?	Arg1:T1	Arg2:T2
11729362	CPR:4	Y	?	Arg1:T1	Arg2:T3
11729362	CPR:4	Y	?	Arg1:T2	Arg2:T4
11740958	CPR:5	Y	?	Arg1:T1	Arg2:T5
11740958	CPR:5	Y	?	Arg1:T2	Arg2:T6
11740958	CPR:5	Y	?	Arg1:T3	Arg2:T7
11740958	CPR:5	Y	?	Arg1:T4	Arg2:T8
11741727	CPR:6	Y	?	Arg1:T1	Arg2:T2
11746710	CPR:4	Y	?	Arg1:T1	Arg2:T2
11747436	CPR:6	Y	?	Arg1:T1	Arg2:T2
11747625	CPR:5	Y	?	Arg1:T1	Arg2:T3
11747625	CPR:5	Y	?	Arg1:T2	Arg2:T4
11752096	CPR:4	Y	?	Arg1:T1	Arg2:T2
11783365	CPR:6	Y	?	Arg1:T1	Arg2:T2
11785774	CPR:4	Y	?	Arg1:T1	Arg2:T2
11790786	CPR:4	Y	?	Arg1:T1	Arg2:T2
11805217	CPR:4	Y	?	Arg1:T1	Arg2:T2
11814865	CPR:4	Y	?	Arg1:T1	Arg2:T2
11817517	CPR:4	Y	?	Arg1:T1	Arg2:T2
11819669	CPR:4	Y	?	Arg1:T1	Arg2:T3
11819669	CPR:4	Y	?	Arg1:T2	Arg2:T4
11823786	CPR:6	Y	?	Arg1:T1	Arg2:T2
11834888	CPR:4	Y	?	Arg1:T1	Arg2:T2
11854433	CPR:6	Y	?	Arg1:T1	Arg2:T2
11869873	CPR:4	Y	?	Arg1:T1	Arg2:T2
11874390	CPR:5	Y	?	Arg1:T1	Arg2:T4
11874390	CPR:5	Y	?	Arg1:T2	Arg2:T5
11874390	CPR:5	Y	?	Arg1:T3	Arg2:T6
11889204	CPR:3	Y	?	Arg1:T1	Arg2:T2
11890515	CPR:4	Y	?	Arg1:T1	Arg2:T6
11890515	CPR:4	Y	?	Arg1:T2	Arg2:T7
11890515	CPR:4	Y	?	Arg1:T3	Arg2:T8
11890515	CPR:4	Y	?	Arg1:T4	Arg2:T9
11890515	CPR:4	Y	?	Arg1:T5	Arg2:T10
11897116	CPR:5	Y	?	Arg1:T1	Arg2:T2
11899840	CPR:4	Y	?	Arg1:T1	Arg2:T2
11906285	CPR:5	Y	?	Arg1:T1	Arg2:T4
11906285	CPR:5	Y	?	Arg1:T2	Arg2:T5
11906285	CPR:5	Y	?	Arg1:T3	Arg2:T6
11910268	CPR:5	Y	?	Arg1:T2	Arg2:T4
11910268	CPR:6	Y	?	Arg1:T1	Arg2:T3
11916794	CPR:4	Y	?	Arg1:T1	Arg2:T4
11916794	CPR:4	Y	?	Arg1:T2	Arg2:T5
11916794	CPR:4	Y	?	Arg1:T3	Arg2:T6
11920914	CPR:4	Y	?	Arg1:T1	Arg2:T2
11933204	CPR:5	Y	?	Arg1:T1	Arg2:T2
11939936	CPR:4	Y	?	Arg1:T1	Arg2:T2
11944917	CPR:6	Y	?	Arg1:T1	Arg2:T8
11944917	CPR:6	Y	?	Arg1:T3	Arg2:T11
11944917	CPR:6	Y	?	Arg1:T4	Arg2:T12
11944917	CPR:6	Y	?	Arg1:T5	Arg2:T15
11944917	CPR:6	Y	?	Arg1:T6	Arg2:T16
11944917	CPR:6	Y	?	Arg1:T7	Arg2:T17
11944917	CPR:6	Y	?	Arg1:T4	Arg2:T13
11944917	CPR:6	Y	?	Arg1:T2	Arg2:T9
11944917	CPR:6	Y	?	Arg1:T4	Arg2:T14
11944917	CPR:6	Y	?	Arg1:T2	Arg2:T10
11948006	CPR:4	Y	?	Arg1:T1	Arg2:T2
11952155	CPR:4	Y	?	Arg1:T1	Arg2:T2
11956172	CPR:5	Y	?	Arg1:T1	Arg2:T2
11961144	CPR:4	Y	?	Arg1:T1	Arg2:T3
11961144	CPR:4	Y	?	Arg1:T2	Arg2:T4
12010765	CPR:5	Y	?	Arg1:T1	Arg2:T2
12010765	CPR:5	Y	?	Arg1:T1	Arg2:T3
12023318	CPR:4	Y	?	Arg1:T1	Arg2:T2
12023506	CPR:4	Y	?	Arg1:T1	Arg2:T5
12023506	CPR:4	Y	?	Arg1:T2	Arg2:T6
12023506	CPR:4	Y	?	Arg1:T3	Arg2:T7
12023506	CPR:4	Y	?	Arg1:T4	Arg2:T8
12023686	CPR:6	Y	?	Arg1:T1	Arg2:T2
12034032	CPR:5	Y	?	Arg1:T1	Arg2:T2
12055598	CPR:4	Y	?	Arg1:T1	Arg2:T2
12057839	CPR:3	Y	?	Arg1:T1	Arg2:T5
12057839	CPR:3	Y	?	Arg1:T2	Arg2:T6
12057839	CPR:3	Y	?	Arg1:T3	Arg2:T7
12057839	CPR:3	Y	?	Arg1:T4	Arg2:T8
12063084	CPR:5	Y	?	Arg1:T1	Arg2:T2
12063084	CPR:6	Y	?	Arg1:T1	Arg2:T2
12063169	CPR:4	Y	?	Arg1:T1	Arg2:T2
12065733	CPR:4	Y	?	Arg1:T1	Arg2:T2
12079382	CPR:3	Y	?	Arg1:T1	Arg2:T4
12079382	CPR:3	Y	?	Arg1:T2	Arg2:T5
12079382	CPR:3	Y	?	Arg1:T3	Arg2:T6
12086984	CPR:4	Y	?	Arg1:T1	Arg2:T5
12086984	CPR:4	Y	?	Arg1:T2	Arg2:T6
12086984	CPR:4	Y	?	Arg1:T3	Arg2:T7
12086984	CPR:4	Y	?	Arg1:T4	Arg2:T8
12097269	CPR:5	Y	?	Arg1:T1	Arg2:T2
12104042	CPR:4	Y	?	Arg1:T1	Arg2:T3
12104042	CPR:4	Y	?	Arg1:T2	Arg2:T4
12107644	CPR:3	Y	?	Arg1:T1	Arg2:T2
12110513	CPR:4	Y	?	Arg1:T1	Arg2:T3
12110513	CPR:4	Y	?	Arg1:T2	Arg2:T4
12111824	CPR:4	Y	?	Arg1:T1	Arg2:T2
12130730	CPR:4	Y	?	Arg1:T1	Arg2:T3
12130730	CPR:4	Y	?	Arg1:T2	Arg2:T5
12130730	CPR:4	Y	?	Arg1:T1	Arg2:T4
12130730	CPR:4	Y	?	Arg1:T2	Arg2:T6
12147264	CPR:4	Y	?	Arg1:T1	Arg2:T2
12151556	CPR:4	Y	?	Arg1:T1	Arg2:T4
12151556	CPR:4	Y	?	Arg1:T2	Arg2:T5
12151556	CPR:4	Y	?	Arg1:T3	Arg2:T6
12166927	CPR:5	Y	?	Arg1:T1	Arg2:T3
12166927	CPR:5	Y	?	Arg1:T2	Arg2:T4
12167662	CPR:6	Y	?	Arg1:T1	Arg2:T3
12167662	CPR:6	Y	?	Arg1:T2	Arg2:T4
12172398	CPR:5	Y	?	Arg1:T1	Arg2:T4
12172398	CPR:5	Y	?	Arg1:T2	Arg2:T5
12172398	CPR:5	Y	?	Arg1:T3	Arg2:T6
12176129	CPR:4	Y	?	Arg1:T1	Arg2:T2
12185406	CPR:4	Y	?	Arg1:T1	Arg2:T3
12185406	CPR:4	Y	?	Arg1:T2	Arg2:T4
12196472	CPR:4	Y	?	Arg1:T2	Arg2:T7
12196472	CPR:4	Y	?	Arg1:T4	Arg2:T9
12196472	CPR:4	Y	?	Arg1:T6	Arg2:T10
12196472	CPR:4	Y	?	Arg1:T1	Arg2:T7
12196472	CPR:4	Y	?	Arg1:T3	Arg2:T8
12196472	CPR:4	Y	?	Arg1:T5	Arg2:T10
12209010	CPR:4	Y	?	Arg1:T1	Arg2:T5
12209010	CPR:4	Y	?	Arg1:T2	Arg2:T6
12209010	CPR:4	Y	?	Arg1:T3	Arg2:T7
12209010	CPR:4	Y	?	Arg1:T4	Arg2:T8
12213055	CPR:4	Y	?	Arg1:T1	Arg2:T2
12222762	CPR:5	Y	?	Arg1:T1	Arg2:T4
12222762	CPR:5	Y	?	Arg1:T2	Arg2:T5
12222762	CPR:5	Y	?	Arg1:T3	Arg2:T6
12233819	CPR:6	Y	?	Arg1:T1	Arg2:T3
12233819	CPR:6	Y	?	Arg1:T2	Arg2:T4
12401318	CPR:4	Y	?	Arg1:T1	Arg2:T2
12402511	CPR:4	Y	?	Arg1:T1	Arg2:T4
12402511	CPR:4	Y	?	Arg1:T2	Arg2:T5
12402511	CPR:4	Y	?	Arg1:T3	Arg2:T6
12407077	CPR:6	Y	?	Arg1:T1	Arg2:T3
12407077	CPR:6	Y	?	Arg1:T2	Arg2:T4
12416030	CPR:4	Y	?	Arg1:T1	Arg2:T3
12416030	CPR:4	Y	?	Arg1:T2	Arg2:T4
12421478	CPR:4	Y	?	Arg1:T1	Arg2:T2
12446609	CPR:4	Y	?	Arg1:T1	Arg2:T3
12446609	CPR:4	Y	?	Arg1:T2	Arg2:T4
12460705	CPR:6	Y	?	Arg1:T1	Arg2:T2
12464448	CPR:4	Y	?	Arg1:T1	Arg2:T2
12477710	CPR:4	Y	?	Arg1:T1	Arg2:T2
12488248	CPR:4	Y	?	Arg1:T1	Arg2:T2
12504781	CPR:6	Y	?	Arg1:T1	Arg2:T2
12517791	CPR:6	Y	?	Arg1:T1	Arg2:T4
12517791	CPR:6	Y	?	Arg1:T2	Arg2:T5
12517791	CPR:6	Y	?	Arg1:T3	Arg2:T6
12522088	CPR:4	Y	?	Arg1:T1	Arg2:T4
12522088	CPR:4	Y	?	Arg1:T2	Arg2:T5
12522088	CPR:4	Y	?	Arg1:T3	Arg2:T6
12527923	CPR:4	Y	?	Arg1:T1	Arg2:T2
12534640	CPR:4	Y	?	Arg1:T1	Arg2:T2
12538800	CPR:4	Y	?	Arg1:T2	Arg2:T13
12538800	CPR:4	Y	?	Arg1:T4	Arg2:T14
12538800	CPR:4	Y	?	Arg1:T6	Arg2:T16
12538800	CPR:4	Y	?	Arg1:T8	Arg2:T17
12538800	CPR:4	Y	?	Arg1:T10	Arg2:T18
12538800	CPR:4	Y	?	Arg1:T11	Arg2:T19
12538800	CPR:4	Y	?	Arg1:T1	Arg2:T13
12538800	CPR:4	Y	?	Arg1:T3	Arg2:T14
12538800	CPR:4	Y	?	Arg1:T5	Arg2:T15
12538800	CPR:4	Y	?	Arg1:T7	Arg2:T17
12538800	CPR:4	Y	?	Arg1:T9	Arg2:T18
12538800	CPR:4	Y	?	Arg1:T12	Arg2:T19
12540520	CPR:6	Y	?	Arg1:T1	Arg2:T2
12554648	CPR:4	Y	?	Arg1:T1	Arg2:T2
12562791	CPR:4	Y	?	Arg1:T1	Arg2:T4
12562791	CPR:4	Y	?	Arg1:T2	Arg2:T5
12562791	CPR:4	Y	?	Arg1:T3	Arg2:T6
12562875	CPR:4	Y	?	Arg1:T1	Arg2:T3
12562875	CPR:4	Y	?	Arg1:T2	Arg2:T4
12563315	CPR:5	Y	?	Arg1:T1	Arg2:T5
12563315	CPR:5	Y	?	Arg1:T2	Arg2:T6
12563315	CPR:5	Y	?	Arg1:T3	Arg2:T7
12563315	CPR:5	Y	?	Arg1:T4	Arg2:T8
12564641	CPR:6	Y	?	Arg1:T1	Arg2:T4
12564641	CPR:6	Y	?	Arg1:T2	Arg2:T5
12564641	CPR:6	Y	?	Arg1:T3	Arg2:T6
12564662	CPR:4	Y	?	Arg1:T1	Arg2:T2
12573452	CPR:4	Y	?	Arg1:T1	Arg2:T6
12573452	CPR:4	Y	?	Arg1:T2	Arg2:T7
12573452	CPR:4	Y	?	Arg1:T3	Arg2:T8
12573452	CPR:4	Y	?	Arg1:T4	Arg2:T9
12573452	CPR:4	Y	?	Arg1:T5	Arg2:T10
12584187	CPR:4	Y	?	Arg1:T1	Arg2:T3
12584187	CPR:4	Y	?	Arg1:T2	Arg2:T4
12589396	CPR:4	Y	?	Arg1:T1	Arg2:T2
12589516	CPR:6	Y	?	Arg1:T1	Arg2:T2
12604678	CPR:4	Y	?	Arg1:T1	Arg2:T8
12604678	CPR:4	Y	?	Arg1:T2	Arg2:T9
12604678	CPR:4	Y	?	Arg1:T3	Arg2:T10
12604678	CPR:4	Y	?	Arg1:T4	Arg2:T11
12604678	CPR:4	Y	?	Arg1:T5	Arg2:T12
12604678	CPR:4	Y	?	Arg1:T6	Arg2:T13
12604678	CPR:4	Y	?	Arg1:T7	Arg2:T14
12606318	CPR:4	Y	?	Arg1:T1	Arg2:T2
12606318	CPR:6	Y	?	Arg1:T1	Arg2:T2
12613273	CPR:4	Y	?	Arg1:T1	Arg2:T2
12618228	CPR:4	Y	?	Arg1:T1	Arg2:T3
12618228	CPR:4	Y	?	Arg1:T2	Arg2:T4
12641839	CPR:4	Y	?	Arg1:T1	Arg2:T2
12644588	CPR:4	Y	?	Arg1:T1	Arg2:T5
12644588	CPR:4	Y	?	Arg1:T2	Arg2:T6
12644588	CPR:4	Y	?	Arg1:T3	Arg2:T7
12644588	CPR:4	Y	?	Arg1:T4	Arg2:T8
12646212	CPR:5	Y	?	Arg1:T1	Arg2:T4
12646212	CPR:5	Y	?	Arg1:T2	Arg2:T5
12646212	CPR:5	Y	?	Arg1:T3	Arg2:T6
12649191	CPR:4	Y	?	Arg1:T1	Arg2:T2
12650887	CPR:4	Y	?	Arg1:T1	Arg2:T4
12650887	CPR:4	Y	?	Arg1:T2	Arg2:T5
12650887	CPR:4	Y	?	Arg1:T3	Arg2:T6
12654248	CPR:3	Y	?	Arg1:T1	Arg2:T3
12654248	CPR:3	Y	?	Arg1:T2	Arg2:T5
12654248	CPR:3	Y	?	Arg1:T1	Arg2:T4
12658774	CPR:3	Y	?	Arg1:T1	Arg2:T2
12676070	CPR:4	Y	?	Arg1:T1	Arg2:T2
12710529	CPR:6	Y	?	Arg1:T1	Arg2:T2
12726885	CPR:4	Y	?	Arg1:T1	Arg2:T2
12736332	CPR:4	Y	?	Arg1:T1	Arg2:T4
12736332	CPR:4	Y	?	Arg1:T2	Arg2:T5
12736332	CPR:4	Y	?	Arg1:T3	Arg2:T6
12761331	CPR:5	Y	?	Arg1:T1	Arg2:T3
12761331	CPR:5	Y	?	Arg1:T2	Arg2:T4
12763661	CPR:4	Y	?	Arg1:T1	Arg2:T5
12763661	CPR:4	Y	?	Arg1:T2	Arg2:T6
12763661	CPR:4	Y	?	Arg1:T3	Arg2:T7
12763661	CPR:4	Y	?	Arg1:T4	Arg2:T8
12764427	CPR:4	Y	?	Arg1:T1	Arg2:T2
12776178	CPR:5	Y	?	Arg1:T1	Arg2:T2
1278093	CPR:4	Y	?	Arg1:T1	Arg2:T2
12782193	CPR:6	Y	?	Arg1:T1	Arg2:T2
12784866	CPR:3	Y	?	Arg1:T1	Arg2:T4
12784866	CPR:3	Y	?	Arg1:T2	Arg2:T5
12784866	CPR:3	Y	?	Arg1:T3	Arg2:T6
12795770	CPR:4	Y	?	Arg1:T1	Arg2:T2
12818951	CPR:6	Y	?	Arg1:T1	Arg2:T6
12818951	CPR:6	Y	?	Arg1:T2	Arg2:T7
12818951	CPR:6	Y	?	Arg1:T3	Arg2:T8
12818951	CPR:6	Y	?	Arg1:T4	Arg2:T9
12818951	CPR:6	Y	?	Arg1:T5	Arg2:T10
12830709	CPR:4	Y	?	Arg1:T1	Arg2:T2
12839875	CPR:4	Y	?	Arg1:T1	Arg2:T3
12839875	CPR:4	Y	?	Arg1:T2	Arg2:T4
12872009	CPR:4	Y	?	Arg1:T1	Arg2:T2
12873632	CPR:6	Y	?	Arg1:T1	Arg2:T3
12873632	CPR:6	Y	?	Arg1:T2	Arg2:T4
12876237	CPR:4	Y	?	Arg1:T1	Arg2:T2
12885787	CPR:4	Y	?	Arg1:T1	Arg2:T3
12885787	CPR:4	Y	?	Arg1:T2	Arg2:T4
12887610	CPR:4	Y	?	Arg1:T1	Arg2:T2
12890675	CPR:3	Y	?	Arg1:T1	Arg2:T2
12897821	CPR:4	Y	?	Arg1:T1	Arg2:T2
12920235	CPR:6	Y	?	Arg1:T1	Arg2:T4
12920235	CPR:6	Y	?	Arg1:T2	Arg2:T5
12920235	CPR:6	Y	?	Arg1:T3	Arg2:T6
12925531	CPR:4	Y	?	Arg1:T1	Arg2:T2
12935323	CPR:5	Y	?	Arg1:T1	Arg2:T2
12955149	CPR:4	Y	?	Arg1:T1	Arg2:T2
12956733	CPR:4	Y	?	Arg1:T1	Arg2:T2
12970106	CPR:5	Y	?	Arg1:T1	Arg2:T2
12970383	CPR:4	Y	?	Arg1:T1	Arg2:T2
1311390	CPR:4	Y	?	Arg1:T1	Arg2:T3
1311390	CPR:4	Y	?	Arg1:T2	Arg2:T4
13129658	CPR:6	Y	?	Arg1:T1	Arg2:T2
1320691	CPR:5	Y	?	Arg1:T1	Arg2:T2
1323650	CPR:6	Y	?	Arg1:T1	Arg2:T2
1324091	CPR:5	Y	?	Arg1:T1	Arg2:T2
13679187	CPR:4	Y	?	Arg1:T1	Arg2:T3
13679187	CPR:4	Y	?	Arg1:T2	Arg2:T4
1378042	CPR:6	Y	?	Arg1:T1	Arg2:T2
1382157	CPR:4	Y	?	Arg1:T1	Arg2:T3
1382157	CPR:4	Y	?	Arg1:T2	Arg2:T4
1382161	CPR:4	Y	?	Arg1:T1	Arg2:T2
1407010	CPR:5	Y	?	Arg1:T1	Arg2:T3
1407010	CPR:5	Y	?	Arg1:T2	Arg2:T3
1424804	CPR:5	Y	?	Arg1:T1	Arg2:T3
1424804	CPR:5	Y	?	Arg1:T2	Arg2:T4
1426023	CPR:6	Y	?	Arg1:T1	Arg2:T2
14504136	CPR:5	Y	?	Arg1:T1	Arg2:T2
14510637	CPR:4	Y	?	Arg1:T1	Arg2:T3
14510637	CPR:4	Y	?	Arg1:T2	Arg2:T4
14513718	CPR:4	Y	?	Arg1:T1	Arg2:T2
14515341	CPR:4	Y	?	Arg1:T1	Arg2:T2
14534310	CPR:4	Y	?	Arg1:T1	Arg2:T2
14534362	CPR:6	Y	?	Arg1:T1	Arg2:T2
14550679	CPR:4	Y	?	Arg1:T1	Arg2:T3
14550679	CPR:4	Y	?	Arg1:T2	Arg2:T4
14568028	CPR:4	Y	?	Arg1:T1	Arg2:T2
14568029	CPR:4	Y	?	Arg1:T1	Arg2:T5
14568029	CPR:4	Y	?	Arg1:T2	Arg2:T6
14568029	CPR:4	Y	?	Arg1:T3	Arg2:T7
14568029	CPR:4	Y	?	Arg1:T4	Arg2:T8
14581123	CPR:5	Y	?	Arg1:T1	Arg2:T2
14638394	CPR:6	Y	?	Arg1:T1	Arg2:T2
14644446	CPR:4	Y	?	Arg1:T1	Arg2:T5
14644446	CPR:4	Y	?	Arg1:T2	Arg2:T6
14644446	CPR:4	Y	?	Arg1:T3	Arg2:T7
14644446	CPR:4	Y	?	Arg1:T4	Arg2:T8
14646172	CPR:5	Y	?	Arg1:T1	Arg2:T2
14647959	CPR:5	Y	?	Arg1:T1	Arg2:T2
14647959	CPR:6	Y	?	Arg1:T1	Arg2:T2
14663936	CPR:5	Y	?	Arg1:T1	Arg2:T2
14664717	CPR:6	Y	?	Arg1:T1	Arg2:T5
14664717	CPR:6	Y	?	Arg1:T2	Arg2:T6
14664717	CPR:6	Y	?	Arg1:T3	Arg2:T7
14664717	CPR:6	Y	?	Arg1:T4	Arg2:T8
14674677	CPR:4	Y	?	Arg1:T1	Arg2:T4
14674677	CPR:4	Y	?	Arg1:T2	Arg2:T5
14674677	CPR:4	Y	?	Arg1:T3	Arg2:T6
14675103	CPR:4	Y	?	Arg1:T3	Arg2:T5
14675103	CPR:4	Y	?	Arg1:T1	Arg2:T4
14675103	CPR:4	Y	?	Arg1:T2	Arg2:T5
14675762	CPR:5	Y	?	Arg1:T1	Arg2:T2
1468487	CPR:6	Y	?	Arg1:T1	Arg2:T4
1468487	CPR:6	Y	?	Arg1:T2	Arg2:T5
1468487	CPR:6	Y	?	Arg1:T3	Arg2:T6
14689449	CPR:4	Y	?	Arg1:T1	Arg2:T2
14704128	CPR:4	Y	?	Arg1:T1	Arg2:T3
14704128	CPR:4	Y	?	Arg1:T2	Arg2:T4
14716203	CPR:4	Y	?	Arg1:T1	Arg2:T3
14716203	CPR:4	Y	?	Arg1:T2	Arg2:T4
14716205	CPR:6	Y	?	Arg1:T1	Arg2:T3
14716205	CPR:6	Y	?	Arg1:T2	Arg2:T4
14726523	CPR:4	Y	?	Arg1:T1	Arg2:T2
14728705	CPR:5	Y	?	Arg1:T1	Arg2:T4
14728705	CPR:5	Y	?	Arg1:T2	Arg2:T5
14728705	CPR:5	Y	?	Arg1:T3	Arg2:T6
14729151	CPR:6	Y	?	Arg1:T1	Arg2:T2
14742690	CPR:4	Y	?	Arg1:T2	Arg2:T3
14742690	CPR:4	Y	?	Arg1:T1	Arg2:T3
14744615	CPR:5	Y	?	Arg1:T1	Arg2:T2
1475066	CPR:4	Y	?	Arg1:T1	Arg2:T2
14769835	CPR:5	Y	?	Arg1:T1	Arg2:T2
1483111	CPR:4	Y	?	Arg1:T1	Arg2:T2
14968366	CPR:4	Y	?	Arg1:T1	Arg2:T2
14976318	CPR:4	Y	?	Arg1:T1	Arg2:T2
14993096	CPR:4	Y	?	Arg1:T1	Arg2:T2
15013161	CPR:5	Y	?	Arg1:T1	Arg2:T2
15026875	CPR:6	Y	?	Arg1:T1	Arg2:T2
15037111	CPR:5	Y	?	Arg1:T1	Arg2:T3
15037111	CPR:5	Y	?	Arg1:T2	Arg2:T4
15039140	CPR:4	Y	?	Arg1:T1	Arg2:T2
15044619	CPR:4	Y	?	Arg1:T1	Arg2:T2
15046718	CPR:3	Y	?	Arg1:T1	Arg2:T2
15056115	CPR:4	Y	?	Arg1:T1	Arg2:T2
15056483	CPR:4	Y	?	Arg1:T1	Arg2:T2
15059893	CPR:5	Y	?	Arg1:T1	Arg2:T4
15059893	CPR:5	Y	?	Arg1:T2	Arg2:T5
15059893	CPR:5	Y	?	Arg1:T3	Arg2:T6
15094841	CPR:4	Y	?	Arg1:T1	Arg2:T2
15098086	CPR:4	Y	?	Arg1:T1	Arg2:T8
15098086	CPR:4	Y	?	Arg1:T4	Arg2:T9
15098086	CPR:4	Y	?	Arg1:T5	Arg2:T10
15098086	CPR:4	Y	?	Arg1:T2	Arg2:T8
15098086	CPR:4	Y	?	Arg1:T6	Arg2:T10
15098086	CPR:4	Y	?	Arg1:T3	Arg2:T8
15098086	CPR:4	Y	?	Arg1:T7	Arg2:T10
15100703	CPR:5	Y	?	Arg1:T1	Arg2:T3
15100703	CPR:5	Y	?	Arg1:T2	Arg2:T4
15105445	CPR:5	Y	?	Arg1:T1	Arg2:T3
15105445	CPR:5	Y	?	Arg1:T2	Arg2:T4
15108178	CPR:3	Y	?	Arg1:T1	Arg2:T2
15111016	CPR:6	Y	?	Arg1:T1	Arg2:T6
15111016	CPR:6	Y	?	Arg1:T2	Arg2:T7
15111016	CPR:6	Y	?	Arg1:T3	Arg2:T8
15111016	CPR:6	Y	?	Arg1:T4	Arg2:T9
15111016	CPR:6	Y	?	Arg1:T5	Arg2:T10
15113605	CPR:4	Y	?	Arg1:T1	Arg2:T6
15113605	CPR:4	Y	?	Arg1:T2	Arg2:T7
15113605	CPR:4	Y	?	Arg1:T3	Arg2:T8
15113605	CPR:4	Y	?	Arg1:T4	Arg2:T9
15113605	CPR:4	Y	?	Arg1:T5	Arg2:T10
15115391	CPR:4	Y	?	Arg1:T1	Arg2:T2
15125690	CPR:4	Y	?	Arg1:T1	Arg2:T4
15125690	CPR:4	Y	?	Arg1:T2	Arg2:T5
15125690	CPR:4	Y	?	Arg1:T3	Arg2:T6
15135665	CPR:4	Y	?	Arg1:T1	Arg2:T2
15138278	CPR:4	Y	?	Arg1:T1	Arg2:T2
15140279	CPR:6	Y	?	Arg1:T1	Arg2:T3
15140279	CPR:6	Y	?	Arg1:T2	Arg2:T4
15148258	CPR:4	Y	?	Arg1:T1	Arg2:T7
15148258	CPR:4	Y	?	Arg1:T2	Arg2:T8
15148258	CPR:4	Y	?	Arg1:T3	Arg2:T9
15148258	CPR:4	Y	?	Arg1:T4	Arg2:T10
15148258	CPR:4	Y	?	Arg1:T5	Arg2:T11
15148258	CPR:4	Y	?	Arg1:T6	Arg2:T12
15155210	CPR:6	Y	?	Arg1:T1	Arg2:T2
15157745	CPR:5	Y	?	Arg1:T1	Arg2:T2
15161930	CPR:5	Y	?	Arg1:T1	Arg2:T4
15161930	CPR:5	Y	?	Arg1:T2	Arg2:T5
15161930	CPR:5	Y	?	Arg1:T3	Arg2:T6
15175324	CPR:4	Y	?	Arg1:T1	Arg2:T6
15175324	CPR:4	Y	?	Arg1:T2	Arg2:T8
15175324	CPR:4	Y	?	Arg1:T4	Arg2:T11
15175324	CPR:4	Y	?	Arg1:T5	Arg2:T12
15175324	CPR:4	Y	?	Arg1:T1	Arg2:T7
15175324	CPR:4	Y	?	Arg1:T2	Arg2:T9
15175324	CPR:4	Y	?	Arg1:T3	Arg2:T10
15175324	CPR:4	Y	?	Arg1:T5	Arg2:T13
15178355	CPR:5	Y	?	Arg1:T1	Arg2:T2
15189034	CPR:5	Y	?	Arg1:T1	Arg2:T2
15190109	CPR:3	Y	?	Arg1:T1	Arg2:T5
15190109	CPR:3	Y	?	Arg1:T2	Arg2:T6
15190109	CPR:3	Y	?	Arg1:T3	Arg2:T7
15190109	CPR:3	Y	?	Arg1:T4	Arg2:T8
15198480	CPR:4	Y	?	Arg1:T1	Arg2:T2
15219283	CPR:4	Y	?	Arg1:T1	Arg2:T3
15219283	CPR:4	Y	?	Arg1:T2	Arg2:T4
15219414	CPR:5	Y	?	Arg1:T1	Arg2:T5
15219414	CPR:5	Y	?	Arg1:T2	Arg2:T6
15219414	CPR:5	Y	?	Arg1:T3	Arg2:T7
15219414	CPR:5	Y	?	Arg1:T4	Arg2:T8
15229223	CPR:6	Y	?	Arg1:T1	Arg2:T2
15236580	CPR:4	Y	?	Arg1:T1	Arg2:T2
15242819	CPR:4	Y	?	Arg1:T1	Arg2:T4
15242819	CPR:4	Y	?	Arg1:T2	Arg2:T5
15242819	CPR:4	Y	?	Arg1:T3	Arg2:T6
15256478	CPR:4	Y	?	Arg1:T1	Arg2:T5
15256478	CPR:4	Y	?	Arg1:T2	Arg2:T6
15256478	CPR:4	Y	?	Arg1:T3	Arg2:T7
15256478	CPR:4	Y	?	Arg1:T4	Arg2:T8
15258254	CPR:6	Y	?	Arg1:T1	Arg2:T2
15261304	CPR:5	Y	?	Arg1:T1	Arg2:T2
15266014	CPR:4	Y	?	Arg1:T1	Arg2:T4
15266014	CPR:4	Y	?	Arg1:T2	Arg2:T5
15266014	CPR:4	Y	?	Arg1:T3	Arg2:T6
15269827	CPR:6	Y	?	Arg1:T1	Arg2:T2
15272045	CPR:4	Y	?	Arg1:T1	Arg2:T6
15272045	CPR:4	Y	?	Arg1:T2	Arg2:T7
15272045	CPR:4	Y	?	Arg1:T3	Arg2:T8
15272045	CPR:4	Y	?	Arg1:T4	Arg2:T9
15272045	CPR:4	Y	?	Arg1:T5	Arg2:T10
15272206	CPR:4	Y	?	Arg1:T1	Arg2:T5
15272206	CPR:4	Y	?	Arg1:T2	Arg2:T6
15272206	CPR:4	Y	?	Arg1:T3	Arg2:T7
15272206	CPR:4	Y	?	Arg1:T4	Arg2:T8
15276617	CPR:5	Y	?	Arg1:T1	Arg2:T2
15280391	CPR:3	Y	?	Arg1:T2	Arg2:T6
15280391	CPR:3	Y	?	Arg1:T3	Arg2:T10
15280391	CPR:3	Y	?	Arg1:T4	Arg2:T11
15280391	CPR:3	Y	?	Arg1:T1	Arg2:T5
15280391	CPR:3	Y	?	Arg1:T3	Arg2:T9
15280391	CPR:3	Y	?	Arg1:T4	Arg2:T12
15280391	CPR:3	Y	?	Arg1:T2	Arg2:T7
15280391	CPR:3	Y	?	Arg1:T4	Arg2:T13
15280391	CPR:3	Y	?	Arg1:T2	Arg2:T8
15280391	CPR:3	Y	?	Arg1:T4	Arg2:T14
15286207	CPR:4	Y	?	Arg1:T1	Arg2:T2
15289798	CPR:4	Y	?	Arg1:T1	Arg2:T4
15289798	CPR:4	Y	?	Arg1:T2	Arg2:T5
15289798	CPR:4	Y	?	Arg1:T3	Arg2:T6
15289999	CPR:6	Y	?	Arg1:T1	Arg2:T2
15300361	CPR:4	Y	?	Arg1:T1	Arg2:T6
15300361	CPR:4	Y	?	Arg1:T2	Arg2:T7
15300361	CPR:4	Y	?	Arg1:T3	Arg2:T8
15300361	CPR:4	Y	?	Arg1:T4	Arg2:T9
15300361	CPR:4	Y	?	Arg1:T5	Arg2:T10
15306222	CPR:6	Y	?	Arg1:T1	Arg2:T3
15306222	CPR:6	Y	?	Arg1:T2	Arg2:T4
15306243	CPR:4	Y	?	Arg1:T1	Arg2:T2
15311065	CPR:3	Y	?	Arg1:T1	Arg2:T2
15314102	CPR:4	Y	?	Arg1:T1	Arg2:T3
15314102	CPR:4	Y	?	Arg1:T2	Arg2:T4
15330152	CPR:4	Y	?	Arg1:T1	Arg2:T7
15330152	CPR:4	Y	?	Arg1:T2	Arg2:T8
15330152	CPR:4	Y	?	Arg1:T3	Arg2:T9
15330152	CPR:4	Y	?	Arg1:T4	Arg2:T10
15330152	CPR:4	Y	?	Arg1:T5	Arg2:T11
15330152	CPR:4	Y	?	Arg1:T6	Arg2:T12
15332709	CPR:4	Y	?	Arg1:T2	Arg2:T3
15332709	CPR:4	Y	?	Arg1:T1	Arg2:T3
15353401	CPR:4	Y	?	Arg1:T1	Arg2:T2
15353592	CPR:5	Y	?	Arg1:T1	Arg2:T2
15358223	CPR:4	Y	?	Arg1:T1	Arg2:T3
15358223	CPR:4	Y	?	Arg1:T2	Arg2:T4
15365090	CPR:6	Y	?	Arg1:T1	Arg2:T2
15374980	CPR:6	Y	?	Arg1:T1	Arg2:T2
15377641	CPR:4	Y	?	Arg1:T1	Arg2:T3
15377641	CPR:4	Y	?	Arg1:T2	Arg2:T5
15377641	CPR:4	Y	?	Arg1:T1	Arg2:T4
15380228	CPR:4	Y	?	Arg1:T1	Arg2:T3
15380228	CPR:4	Y	?	Arg1:T2	Arg2:T4
15456537	CPR:6	Y	?	Arg1:T1	Arg2:T2
15466450	CPR:6	Y	?	Arg1:T4	Arg2:T15
15466450	CPR:6	Y	?	Arg1:T1	Arg2:T12
15466450	CPR:6	Y	?	Arg1:T4	Arg2:T16
15466450	CPR:6	Y	?	Arg1:T5	Arg2:T18
15466450	CPR:6	Y	?	Arg1:T7	Arg2:T21
15466450	CPR:6	Y	?	Arg1:T9	Arg2:T23
15466450	CPR:6	Y	?	Arg1:T10	Arg2:T25
15466450	CPR:6	Y	?	Arg1:T4	Arg2:T17
15466450	CPR:5	Y	?	Arg1:T1	Arg2:T11
15466450	CPR:5	Y	?	Arg1:T2	Arg2:T13
15466450	CPR:5	Y	?	Arg1:T3	Arg2:T14
15466450	CPR:5	Y	?	Arg1:T5	Arg2:T19
15466450	CPR:5	Y	?	Arg1:T6	Arg2:T20
15466450	CPR:5	Y	?	Arg1:T8	Arg2:T22
15466450	CPR:5	Y	?	Arg1:T9	Arg2:T24
15466450	CPR:6	Y	?	Arg1:T1	Arg2:T11
15466450	CPR:6	Y	?	Arg1:T2	Arg2:T13
15466450	CPR:6	Y	?	Arg1:T3	Arg2:T14
15466450	CPR:6	Y	?	Arg1:T5	Arg2:T19
15466450	CPR:6	Y	?	Arg1:T6	Arg2:T20
15466450	CPR:6	Y	?	Arg1:T8	Arg2:T22
15466450	CPR:6	Y	?	Arg1:T9	Arg2:T24
15481318	CPR:4	Y	?	Arg1:T1	Arg2:T3
15481318	CPR:4	Y	?	Arg1:T2	Arg2:T4
15481334	CPR:4	Y	?	Arg1:T1	Arg2:T2
15483189	CPR:6	Y	?	Arg1:T1	Arg2:T2
15494133	CPR:4	Y	?	Arg1:T1	Arg2:T2
15504856	CPR:4	Y	?	Arg1:T1	Arg2:T2
15514211	CPR:4	Y	?	Arg1:T1	Arg2:T3
15514211	CPR:4	Y	?	Arg1:T2	Arg2:T4
15531579	CPR:4	Y	?	Arg1:T1	Arg2:T5
15531579	CPR:4	Y	?	Arg1:T2	Arg2:T6
15531579	CPR:4	Y	?	Arg1:T3	Arg2:T7
15531579	CPR:4	Y	?	Arg1:T4	Arg2:T8
15531591	CPR:4	Y	?	Arg1:T1	Arg2:T2
15537337	CPR:4	Y	?	Arg1:T1	Arg2:T2
15537887	CPR:4	Y	?	Arg1:T1	Arg2:T2
15548677	CPR:4	Y	?	Arg1:T1	Arg2:T2
15548764	CPR:4	Y	?	Arg1:T1	Arg2:T2
15550676	CPR:4	Y	?	Arg1:T1	Arg2:T2
15554912	CPR:6	Y	?	Arg1:T2	Arg2:T11
15554912	CPR:6	Y	?	Arg1:T3	Arg2:T12
15554912	CPR:6	Y	?	Arg1:T5	Arg2:T14
15554912	CPR:6	Y	?	Arg1:T6	Arg2:T15
15554912	CPR:6	Y	?	Arg1:T8	Arg2:T17
15554912	CPR:6	Y	?	Arg1:T9	Arg2:T18
15554912	CPR:6	Y	?	Arg1:T1	Arg2:T11
15554912	CPR:6	Y	?	Arg1:T4	Arg2:T13
15554912	CPR:6	Y	?	Arg1:T7	Arg2:T16
15554912	CPR:6	Y	?	Arg1:T10	Arg2:T18
15561838	CPR:4	Y	?	Arg1:T1	Arg2:T2
15562618	CPR:4	Y	?	Arg1:T1	Arg2:T2
15563582	CPR:6	Y	?	Arg1:T1	Arg2:T2
15571283	CPR:4	Y	?	Arg1:T1	Arg2:T6
15571283	CPR:4	Y	?	Arg1:T2	Arg2:T7
15571283	CPR:4	Y	?	Arg1:T3	Arg2:T8
15571283	CPR:4	Y	?	Arg1:T4	Arg2:T9
15571283	CPR:4	Y	?	Arg1:T5	Arg2:T10
15573751	CPR:6	Y	?	Arg1:T1	Arg2:T3
15573751	CPR:6	Y	?	Arg1:T2	Arg2:T4
15574747	CPR:4	Y	?	Arg1:T1	Arg2:T2
15579329	CPR:6	Y	?	Arg1:T1	Arg2:T2
15579516	CPR:6	Y	?	Arg1:T1	Arg2:T3
15579516	CPR:6	Y	?	Arg1:T2	Arg2:T4
15580557	CPR:5	Y	?	Arg1:T1	Arg2:T4
15580557	CPR:5	Y	?	Arg1:T2	Arg2:T5
15580557	CPR:5	Y	?	Arg1:T3	Arg2:T6
15598423	CPR:6	Y	?	Arg1:T1	Arg2:T3
15598423	CPR:6	Y	?	Arg1:T2	Arg2:T4
15606893	CPR:4	Y	?	Arg1:T1	Arg2:T2
15618715	CPR:4	Y	?	Arg1:T1	Arg2:T2
15625110	CPR:4	Y	?	Arg1:T1	Arg2:T2
15625110	CPR:6	Y	?	Arg1:T1	Arg2:T2
15644956	CPR:5	Y	?	Arg1:T1	Arg2:T2
15647998	CPR:3	Y	?	Arg1:T1	Arg2:T2
15661821	CPR:5	Y	?	Arg1:T1	Arg2:T2
15668944	CPR:4	Y	?	Arg1:T1	Arg2:T2
15673722	CPR:4	Y	?	Arg1:T1	Arg2:T2
15673729	CPR:4	Y	?	Arg1:T1	Arg2:T2
15674236	CPR:4	Y	?	Arg1:T1	Arg2:T4
15674236	CPR:4	Y	?	Arg1:T2	Arg2:T5
15674236	CPR:4	Y	?	Arg1:T3	Arg2:T6
15679830	CPR:4	Y	?	Arg1:T1	Arg2:T6
15679830	CPR:4	Y	?	Arg1:T2	Arg2:T7
15679830	CPR:4	Y	?	Arg1:T3	Arg2:T8
15679830	CPR:4	Y	?	Arg1:T4	Arg2:T9
15679830	CPR:4	Y	?	Arg1:T5	Arg2:T10
15680473	CPR:5	Y	?	Arg1:T1	Arg2:T2
15680478	CPR:5	Y	?	Arg1:T1	Arg2:T2
15685243	CPR:4	Y	?	Arg1:T1	Arg2:T2
15689414	CPR:3	Y	?	Arg1:T1	Arg2:T7
15689414	CPR:3	Y	?	Arg1:T2	Arg2:T8
15689414	CPR:3	Y	?	Arg1:T3	Arg2:T9
15689414	CPR:3	Y	?	Arg1:T4	Arg2:T10
15689414	CPR:3	Y	?	Arg1:T5	Arg2:T11
15689414	CPR:3	Y	?	Arg1:T6	Arg2:T12
15694263	CPR:6	Y	?	Arg1:T1	Arg2:T3
15694263	CPR:6	Y	?	Arg1:T2	Arg2:T4
15695064	CPR:4	Y	?	Arg1:T1	Arg2:T2
15698514	CPR:4	Y	?	Arg1:T1	Arg2:T4
15698514	CPR:4	Y	?	Arg1:T2	Arg2:T5
15698514	CPR:4	Y	?	Arg1:T3	Arg2:T6
15705795	CPR:4	Y	?	Arg1:T1	Arg2:T3
15705795	CPR:4	Y	?	Arg1:T2	Arg2:T4
15713990	CPR:4	Y	?	Arg1:T1	Arg2:T2
15716633	CPR:5	Y	?	Arg1:T1	Arg2:T3
15716633	CPR:5	Y	?	Arg1:T2	Arg2:T4
15723541	CPR:4	Y	?	Arg1:T1	Arg2:T2
15730717	CPR:4	Y	?	Arg1:T1	Arg2:T2
15748894	CPR:4	Y	?	Arg1:T1	Arg2:T2
15749336	CPR:4	Y	?	Arg1:T1	Arg2:T2
15753388	CPR:6	Y	?	Arg1:T1	Arg2:T2
15756931	CPR:4	Y	?	Arg1:T1	Arg2:T2
15758172	CPR:4	Y	?	Arg1:T1	Arg2:T3
15758172	CPR:4	Y	?	Arg1:T2	Arg2:T4
15770365	CPR:4	Y	?	Arg1:T1	Arg2:T3
15770365	CPR:4	Y	?	Arg1:T2	Arg2:T4
15771438	CPR:4	Y	?	Arg1:T1	Arg2:T2
15778128	CPR:4	Y	?	Arg1:T1	Arg2:T2
15778703	CPR:4	Y	?	Arg1:T1	Arg2:T7
15778703	CPR:4	Y	?	Arg1:T2	Arg2:T8
15778703	CPR:4	Y	?	Arg1:T3	Arg2:T9
15778703	CPR:4	Y	?	Arg1:T4	Arg2:T10
15778703	CPR:4	Y	?	Arg1:T5	Arg2:T11
15778703	CPR:4	Y	?	Arg1:T6	Arg2:T12
15781964	CPR:6	Y	?	Arg1:T1	Arg2:T5
15781964	CPR:6	Y	?	Arg1:T2	Arg2:T6
15781964	CPR:6	Y	?	Arg1:T3	Arg2:T7
15781964	CPR:6	Y	?	Arg1:T4	Arg2:T8
15790782	CPR:4	Y	?	Arg1:T1	Arg2:T3
15790782	CPR:4	Y	?	Arg1:T2	Arg2:T4
15803362	CPR:6	Y	?	Arg1:T1	Arg2:T3
15803362	CPR:6	Y	?	Arg1:T2	Arg2:T4
15814090	CPR:4	Y	?	Arg1:T1	Arg2:T2
15814154	CPR:4	Y	?	Arg1:T1	Arg2:T2
15831440	CPR:4	Y	?	Arg1:T1	Arg2:T5
15831440	CPR:4	Y	?	Arg1:T2	Arg2:T6
15831440	CPR:4	Y	?	Arg1:T3	Arg2:T7
15831440	CPR:4	Y	?	Arg1:T4	Arg2:T8
15840408	CPR:5	Y	?	Arg1:T1	Arg2:T2
15850602	CPR:4	Y	?	Arg1:T1	Arg2:T2
15860753	CPR:5	Y	?	Arg1:T1	Arg2:T2
15862515	CPR:5	Y	?	Arg1:T1	Arg2:T2
15862515	CPR:6	Y	?	Arg1:T1	Arg2:T2
15864123	CPR:5	Y	?	Arg1:T1	Arg2:T3
15864123	CPR:5	Y	?	Arg1:T2	Arg2:T4
15866114	CPR:5	Y	?	Arg1:T1	Arg2:T2
15869562	CPR:5	Y	?	Arg1:T1	Arg2:T3
15869562	CPR:5	Y	?	Arg1:T2	Arg2:T4
15870086	CPR:4	Y	?	Arg1:T1	Arg2:T2
15878511	CPR:4	Y	?	Arg1:T1	Arg2:T2
15880143	CPR:4	Y	?	Arg1:T1	Arg2:T2
15888508	CPR:5	Y	?	Arg1:T1	Arg2:T2
15893416	CPR:6	Y	?	Arg1:T1	Arg2:T2
15897880	CPR:5	Y	?	Arg1:T1	Arg2:T2
15901795	CPR:6	Y	?	Arg1:T1	Arg2:T3
15901795	CPR:6	Y	?	Arg1:T2	Arg2:T4
15905177	CPR:4	Y	?	Arg1:T1	Arg2:T3
15905177	CPR:4	Y	?	Arg1:T2	Arg2:T4
15916724	CPR:3	Y	?	Arg1:T1	Arg2:T5
15916724	CPR:3	Y	?	Arg1:T2	Arg2:T6
15916724	CPR:3	Y	?	Arg1:T3	Arg2:T7
15916724	CPR:3	Y	?	Arg1:T4	Arg2:T8
15917433	CPR:6	Y	?	Arg1:T1	Arg2:T2
15917650	CPR:4	Y	?	Arg1:T2	Arg2:T6
15917650	CPR:6	Y	?	Arg1:T1	Arg2:T5
15917650	CPR:6	Y	?	Arg1:T3	Arg2:T7
15917650	CPR:6	Y	?	Arg1:T4	Arg2:T8
15928087	CPR:4	Y	?	Arg1:T1	Arg2:T8
15928087	CPR:4	Y	?	Arg1:T2	Arg2:T9
15928087	CPR:4	Y	?	Arg1:T3	Arg2:T10
15928087	CPR:4	Y	?	Arg1:T4	Arg2:T11
15928087	CPR:4	Y	?	Arg1:T5	Arg2:T12
15928087	CPR:4	Y	?	Arg1:T6	Arg2:T13
15928087	CPR:4	Y	?	Arg1:T7	Arg2:T14
15929991	CPR:5	Y	?	Arg1:T1	Arg2:T5
15929991	CPR:5	Y	?	Arg1:T2	Arg2:T6
15929991	CPR:5	Y	?	Arg1:T3	Arg2:T7
15929991	CPR:5	Y	?	Arg1:T4	Arg2:T8
15931068	CPR:3	Y	?	Arg1:T1	Arg2:T3
15931068	CPR:3	Y	?	Arg1:T2	Arg2:T4
15937332	CPR:5	Y	?	Arg1:T1	Arg2:T2
15943176	CPR:4	Y	?	Arg1:T1	Arg2:T2
15949566	CPR:4	Y	?	Arg1:T1	Arg2:T4
15949566	CPR:4	Y	?	Arg1:T2	Arg2:T5
15949566	CPR:4	Y	?	Arg1:T3	Arg2:T6
15967876	CPR:4	Y	?	Arg1:T1	Arg2:T6
15967876	CPR:4	Y	?	Arg1:T2	Arg2:T7
15967876	CPR:4	Y	?	Arg1:T3	Arg2:T8
15967876	CPR:4	Y	?	Arg1:T4	Arg2:T9
15967876	CPR:4	Y	?	Arg1:T5	Arg2:T10
15976447	CPR:5	Y	?	Arg1:T1	Arg2:T2
15982786	CPR:4	Y	?	Arg1:T1	Arg2:T2
15986196	CPR:5	Y	?	Arg1:T1	Arg2:T2
15994348	CPR:5	Y	?	Arg1:T1	Arg2:T3
15994348	CPR:5	Y	?	Arg1:T2	Arg2:T4
16000430	CPR:4	Y	?	Arg1:T1	Arg2:T2
16009352	CPR:6	Y	?	Arg1:T1	Arg2:T3
16009352	CPR:6	Y	?	Arg1:T2	Arg2:T5
16009352	CPR:6	Y	?	Arg1:T1	Arg2:T4
16010590	CPR:4	Y	?	Arg1:T1	Arg2:T3
16010590	CPR:4	Y	?	Arg1:T2	Arg2:T4
16012181	CPR:4	Y	?	Arg1:T1	Arg2:T2
16038799	CPR:5	Y	?	Arg1:T1	Arg2:T2
16041196	CPR:4	Y	?	Arg1:T1	Arg2:T4
16041196	CPR:4	Y	?	Arg1:T2	Arg2:T5
16041196	CPR:4	Y	?	Arg1:T3	Arg2:T6
16041398	CPR:4	Y	?	Arg1:T1	Arg2:T3
16041398	CPR:4	Y	?	Arg1:T2	Arg2:T4
16060857	CPR:4	Y	?	Arg1:T1	Arg2:T2
16080974	CPR:4	Y	?	Arg1:T1	Arg2:T2
16082424	CPR:6	Y	?	Arg1:T1	Arg2:T6
16082424	CPR:6	Y	?	Arg1:T2	Arg2:T7
16082424	CPR:6	Y	?	Arg1:T3	Arg2:T8
16082424	CPR:6	Y	?	Arg1:T4	Arg2:T9
16082424	CPR:6	Y	?	Arg1:T5	Arg2:T10
16085334	CPR:4	Y	?	Arg1:T1	Arg2:T2
16087693	CPR:6	Y	?	Arg1:T1	Arg2:T3
16087693	CPR:6	Y	?	Arg1:T2	Arg2:T4
16091048	CPR:4	Y	?	Arg1:T1	Arg2:T2
16099840	CPR:5	Y	?	Arg1:T1	Arg2:T6
16099840	CPR:5	Y	?	Arg1:T2	Arg2:T8
16099840	CPR:5	Y	?	Arg1:T3	Arg2:T10
16099840	CPR:5	Y	?	Arg1:T1	Arg2:T5
16099840	CPR:5	Y	?	Arg1:T2	Arg2:T7
16099840	CPR:5	Y	?	Arg1:T3	Arg2:T9
16099840	CPR:5	Y	?	Arg1:T4	Arg2:T11
16109140	CPR:5	Y	?	Arg1:T1	Arg2:T2
16116337	CPR:4	Y	?	Arg1:T1	Arg2:T3
16116337	CPR:4	Y	?	Arg1:T2	Arg2:T4
16126915	CPR:4	Y	?	Arg1:T1	Arg2:T2
16138927	CPR:4	Y	?	Arg1:T1	Arg2:T2
16139169	CPR:4	Y	?	Arg1:T1	Arg2:T2
16140280	CPR:4	Y	?	Arg1:T1	Arg2:T3
16140280	CPR:4	Y	?	Arg1:T2	Arg2:T4
16144296	CPR:5	Y	?	Arg1:T2	Arg2:T4
16144296	CPR:5	Y	?	Arg1:T1	Arg2:T3
16148027	CPR:3	Y	?	Arg1:T1	Arg2:T2
16153117	CPR:4	Y	?	Arg1:T1	Arg2:T2
16157482	CPR:5	Y	?	Arg1:T1	Arg2:T2
16170366	CPR:6	Y	?	Arg1:T1	Arg2:T5
16170366	CPR:6	Y	?	Arg1:T2	Arg2:T6
16170366	CPR:6	Y	?	Arg1:T3	Arg2:T7
16170366	CPR:6	Y	?	Arg1:T4	Arg2:T8
16177222	CPR:6	Y	?	Arg1:T1	Arg2:T2
16177222	CPR:6	Y	?	Arg1:T1	Arg2:T3
16182256	CPR:6	Y	?	Arg1:T1	Arg2:T2
16184369	CPR:4	Y	?	Arg1:T1	Arg2:T2
16199482	CPR:5	Y	?	Arg1:T1	Arg2:T2
16205964	CPR:4	Y	?	Arg1:T1	Arg2:T3
16205964	CPR:4	Y	?	Arg1:T2	Arg2:T4
1620654	CPR:3	Y	?	Arg1:T1	Arg2:T2
16234514	CPR:4	Y	?	Arg1:T1	Arg2:T2
16237394	CPR:6	Y	?	Arg1:T1	Arg2:T3
16237394	CPR:6	Y	?	Arg1:T2	Arg2:T4
16243998	CPR:4	Y	?	Arg1:T1	Arg2:T4
16243998	CPR:4	Y	?	Arg1:T2	Arg2:T5
16243998	CPR:4	Y	?	Arg1:T3	Arg2:T6
16249494	CPR:5	Y	?	Arg1:T2	Arg2:T3
16249494	CPR:5	Y	?	Arg1:T1	Arg2:T3
16263802	CPR:4	Y	?	Arg1:T1	Arg2:T2
16290292	CPR:4	Y	?	Arg1:T1	Arg2:T3
16290292	CPR:4	Y	?	Arg1:T2	Arg2:T4
16297435	CPR:9	Y	?	Arg1:T1	Arg2:T2
16300395	CPR:4	Y	?	Arg1:T1	Arg2:T2
16300628	CPR:4	Y	?	Arg1:T1	Arg2:T2
16306443	CPR:4	Y	?	Arg1:T1	Arg2:T5
16306443	CPR:4	Y	?	Arg1:T2	Arg2:T6
16306443	CPR:4	Y	?	Arg1:T3	Arg2:T7
16306443	CPR:4	Y	?	Arg1:T4	Arg2:T8
16313925	CPR:4	Y	?	Arg1:T1	Arg2:T4
16313925	CPR:4	Y	?	Arg1:T3	Arg2:T5
16313925	CPR:4	Y	?	Arg1:T2	Arg2:T4
16314852	CPR:4	Y	?	Arg1:T1	Arg2:T3
16314852	CPR:4	Y	?	Arg1:T2	Arg2:T4
16315032	CPR:6	Y	?	Arg1:T1	Arg2:T3
16315032	CPR:6	Y	?	Arg1:T2	Arg2:T4
16319075	CPR:4	Y	?	Arg1:T1	Arg2:T2
16333859	CPR:5	Y	?	Arg1:T3	Arg2:T7
16333859	CPR:5	Y	?	Arg1:T1	Arg2:T5
16333859	CPR:5	Y	?	Arg1:T2	Arg2:T6
16333859	CPR:5	Y	?	Arg1:T4	Arg2:T7
16335785	CPR:6	Y	?	Arg1:T1	Arg2:T3
16335785	CPR:6	Y	?	Arg1:T2	Arg2:T4
16336943	CPR:6	Y	?	Arg1:T1	Arg2:T3
16336943	CPR:6	Y	?	Arg1:T2	Arg2:T4
16339527	CPR:5	Y	?	Arg1:T1	Arg2:T2
16362726	CPR:3	Y	?	Arg1:T1	Arg2:T2
16396637	CPR:9	Y	?	Arg1:T1	Arg2:T5
16396637	CPR:9	Y	?	Arg1:T2	Arg2:T6
16396637	CPR:9	Y	?	Arg1:T3	Arg2:T7
16396637	CPR:9	Y	?	Arg1:T4	Arg2:T8
16397263	CPR:6	Y	?	Arg1:T1	Arg2:T6
16397263	CPR:6	Y	?	Arg1:T2	Arg2:T7
16397263	CPR:6	Y	?	Arg1:T3	Arg2:T8
16397263	CPR:6	Y	?	Arg1:T4	Arg2:T9
16397263	CPR:6	Y	?	Arg1:T5	Arg2:T10
16398929	CPR:4	Y	?	Arg1:T1	Arg2:T2
16407246	CPR:6	Y	?	Arg1:T1	Arg2:T3
16407246	CPR:6	Y	?	Arg1:T2	Arg2:T4
16426349	CPR:4	Y	?	Arg1:T1	Arg2:T2
16427816	CPR:6	Y	?	Arg1:T1	Arg2:T2
16434140	CPR:5	Y	?	Arg1:T1	Arg2:T2
16436705	CPR:4	Y	?	Arg1:T1	Arg2:T2
16449525	CPR:6	Y	?	Arg1:T1	Arg2:T2
16452989	CPR:4	Y	?	Arg1:T1	Arg2:T2
16456024	CPR:4	Y	?	Arg1:T1	Arg2:T5
16456024	CPR:4	Y	?	Arg1:T2	Arg2:T6
16456024	CPR:4	Y	?	Arg1:T3	Arg2:T7
16456024	CPR:4	Y	?	Arg1:T4	Arg2:T8
16460947	CPR:4	Y	?	Arg1:T1	Arg2:T2
1646776	CPR:5	Y	?	Arg1:T1	Arg2:T2
16467980	CPR:5	Y	?	Arg1:T1	Arg2:T2
16495076	CPR:6	Y	?	Arg1:T1	Arg2:T7
16495076	CPR:6	Y	?	Arg1:T2	Arg2:T8
16495076	CPR:6	Y	?	Arg1:T3	Arg2:T9
16495076	CPR:6	Y	?	Arg1:T4	Arg2:T10
16495076	CPR:6	Y	?	Arg1:T5	Arg2:T11
16495076	CPR:6	Y	?	Arg1:T6	Arg2:T12
16503922	CPR:5	Y	?	Arg1:T1	Arg2:T2
16505027	CPR:5	Y	?	Arg1:T1	Arg2:T2
16505108	CPR:5	Y	?	Arg1:T1	Arg2:T3
16505108	CPR:5	Y	?	Arg1:T2	Arg2:T3
16513821	CPR:6	Y	?	Arg1:T1	Arg2:T2
1651852	CPR:5	Y	?	Arg1:T1	Arg2:T2
16518831	CPR:3	Y	?	Arg1:T1	Arg2:T2
16519964	CPR:6	Y	?	Arg1:T1	Arg2:T2
16523405	CPR:5	Y	?	Arg1:T1	Arg2:T2
16543605	CPR:6	Y	?	Arg1:T1	Arg2:T2
1654566	CPR:5	Y	?	Arg1:T1	Arg2:T2
16545798	CPR:5	Y	?	Arg1:T1	Arg2:T3
16545798	CPR:5	Y	?	Arg1:T2	Arg2:T4
16551906	CPR:6	Y	?	Arg1:T1	Arg2:T6
16551906	CPR:6	Y	?	Arg1:T2	Arg2:T7
16551906	CPR:6	Y	?	Arg1:T3	Arg2:T8
16551906	CPR:6	Y	?	Arg1:T4	Arg2:T9
16551906	CPR:6	Y	?	Arg1:T5	Arg2:T10
16552142	CPR:4	Y	?	Arg1:T1	Arg2:T2
16554486	CPR:3	Y	?	Arg1:T1	Arg2:T2
16556440	CPR:5	Y	?	Arg1:T1	Arg2:T7
16556440	CPR:5	Y	?	Arg1:T2	Arg2:T8
16556440	CPR:5	Y	?	Arg1:T3	Arg2:T9
16556440	CPR:5	Y	?	Arg1:T4	Arg2:T10
16556440	CPR:5	Y	?	Arg1:T5	Arg2:T11
16556440	CPR:5	Y	?	Arg1:T6	Arg2:T12
16563128	CPR:5	Y	?	Arg1:T1	Arg2:T2
16574083	CPR:4	Y	?	Arg1:T1	Arg2:T7
16574083	CPR:4	Y	?	Arg1:T2	Arg2:T8
16574083	CPR:4	Y	?	Arg1:T3	Arg2:T9
16574083	CPR:4	Y	?	Arg1:T4	Arg2:T10
16574083	CPR:4	Y	?	Arg1:T5	Arg2:T11
16574083	CPR:4	Y	?	Arg1:T6	Arg2:T12
16574446	CPR:5	Y	?	Arg1:T1	Arg2:T2
16580639	CPR:5	Y	?	Arg1:T1	Arg2:T3
16580639	CPR:5	Y	?	Arg1:T2	Arg2:T3
16600468	CPR:4	Y	?	Arg1:T1	Arg2:T7
16600468	CPR:4	Y	?	Arg1:T2	Arg2:T8
16600468	CPR:4	Y	?	Arg1:T3	Arg2:T9
16600468	CPR:4	Y	?	Arg1:T4	Arg2:T10
16600468	CPR:4	Y	?	Arg1:T5	Arg2:T11
16600468	CPR:4	Y	?	Arg1:T6	Arg2:T12
1660351	CPR:5	Y	?	Arg1:T1	Arg2:T3
1660351	CPR:5	Y	?	Arg1:T2	Arg2:T4
16611310	CPR:4	Y	?	Arg1:T1	Arg2:T5
16611310	CPR:4	Y	?	Arg1:T2	Arg2:T6
16611310	CPR:4	Y	?	Arg1:T3	Arg2:T7
16611310	CPR:4	Y	?	Arg1:T4	Arg2:T8
16621347	CPR:5	Y	?	Arg1:T1	Arg2:T2
16629860	CPR:6	Y	?	Arg1:T1	Arg2:T4
16629860	CPR:6	Y	?	Arg1:T2	Arg2:T5
16629860	CPR:6	Y	?	Arg1:T3	Arg2:T6
16636268	CPR:4	Y	?	Arg1:T1	Arg2:T3
16636268	CPR:4	Y	?	Arg1:T2	Arg2:T4
16639024	CPR:4	Y	?	Arg1:T1	Arg2:T2
16682505	CPR:5	Y	?	Arg1:T1	Arg2:T8
16682505	CPR:5	Y	?	Arg1:T2	Arg2:T9
16682505	CPR:5	Y	?	Arg1:T3	Arg2:T10
16682505	CPR:5	Y	?	Arg1:T4	Arg2:T11
16682505	CPR:5	Y	?	Arg1:T5	Arg2:T12
16682505	CPR:5	Y	?	Arg1:T6	Arg2:T13
16682505	CPR:5	Y	?	Arg1:T7	Arg2:T14
16704974	CPR:4	Y	?	Arg1:T1	Arg2:T2
16707409	CPR:4	Y	?	Arg1:T1	Arg2:T4
16707409	CPR:4	Y	?	Arg1:T2	Arg2:T5
16707409	CPR:4	Y	?	Arg1:T3	Arg2:T6
16708051	CPR:4	Y	?	Arg1:T1	Arg2:T2
16713439	CPR:4	Y	?	Arg1:T1	Arg2:T2
16723495	CPR:6	Y	?	Arg1:T2	Arg2:T7
16723495	CPR:6	Y	?	Arg1:T5	Arg2:T9
16723495	CPR:6	Y	?	Arg1:T1	Arg2:T6
16723495	CPR:6	Y	?	Arg1:T3	Arg2:T8
16723495	CPR:6	Y	?	Arg1:T4	Arg2:T9
16735511	CPR:4	Y	?	Arg1:T1	Arg2:T3
16735511	CPR:4	Y	?	Arg1:T2	Arg2:T4
16749788	CPR:4	Y	?	Arg1:T1	Arg2:T2
16760463	CPR:5	Y	?	Arg1:T1	Arg2:T2
1678728	CPR:5	Y	?	Arg1:T1	Arg2:T5
1678728	CPR:5	Y	?	Arg1:T2	Arg2:T6
1678728	CPR:5	Y	?	Arg1:T3	Arg2:T7
1678728	CPR:5	Y	?	Arg1:T4	Arg2:T8
16788729	CPR:9	Y	?	Arg1:T1	Arg2:T4
16788729	CPR:9	Y	?	Arg1:T2	Arg2:T5
16788729	CPR:9	Y	?	Arg1:T3	Arg2:T6
16793069	CPR:5	Y	?	Arg1:T1	Arg2:T8
16793069	CPR:5	Y	?	Arg1:T2	Arg2:T9
16793069	CPR:5	Y	?	Arg1:T3	Arg2:T10
16793069	CPR:5	Y	?	Arg1:T4	Arg2:T11
16793069	CPR:5	Y	?	Arg1:T5	Arg2:T12
16793069	CPR:5	Y	?	Arg1:T6	Arg2:T13
16793069	CPR:5	Y	?	Arg1:T7	Arg2:T14
16803890	CPR:4	Y	?	Arg1:T1	Arg2:T4
16803890	CPR:4	Y	?	Arg1:T2	Arg2:T5
16803890	CPR:4	Y	?	Arg1:T3	Arg2:T6
16808554	CPR:4	Y	?	Arg1:T1	Arg2:T2
16815313	CPR:4	Y	?	Arg1:T1	Arg2:T3
16815313	CPR:4	Y	?	Arg1:T2	Arg2:T4
16816921	CPR:6	Y	?	Arg1:T1	Arg2:T2
16817851	CPR:4	Y	?	Arg1:T1	Arg2:T2
16818707	CPR:4	Y	?	Arg1:T2	Arg2:T3
16818707	CPR:4	Y	?	Arg1:T1	Arg2:T4
16818707	CPR:4	Y	?	Arg1:T2	Arg2:T4
16824050	CPR:6	Y	?	Arg1:T1	Arg2:T2
16835302	CPR:6	Y	?	Arg1:T1	Arg2:T6
16835302	CPR:6	Y	?	Arg1:T2	Arg2:T7
16835302	CPR:6	Y	?	Arg1:T3	Arg2:T8
16835302	CPR:6	Y	?	Arg1:T4	Arg2:T9
16835302	CPR:6	Y	?	Arg1:T5	Arg2:T10
16841073	CPR:4	Y	?	Arg1:T1	Arg2:T3
16841073	CPR:4	Y	?	Arg1:T2	Arg2:T4
16854056	CPR:6	Y	?	Arg1:T1	Arg2:T2
16855451	CPR:4	Y	?	Arg1:T1	Arg2:T2
16857744	CPR:3	Y	?	Arg1:T1	Arg2:T3
16857744	CPR:3	Y	?	Arg1:T2	Arg2:T4
16860312	CPR:6	Y	?	Arg1:T1	Arg2:T2
16860785	CPR:4	Y	?	Arg1:T1	Arg2:T4
16860785	CPR:4	Y	?	Arg1:T2	Arg2:T6
16860785	CPR:4	Y	?	Arg1:T3	Arg2:T8
16860785	CPR:4	Y	?	Arg1:T1	Arg2:T5
16860785	CPR:4	Y	?	Arg1:T2	Arg2:T7
16860785	CPR:4	Y	?	Arg1:T3	Arg2:T9
16864492	CPR:6	Y	?	Arg1:T1	Arg2:T2
16864903	CPR:6	Y	?	Arg1:T5	Arg2:T11
16864903	CPR:6	Y	?	Arg1:T1	Arg2:T7
16864903	CPR:6	Y	?	Arg1:T2	Arg2:T8
16864903	CPR:6	Y	?	Arg1:T3	Arg2:T9
16864903	CPR:6	Y	?	Arg1:T4	Arg2:T10
16864903	CPR:6	Y	?	Arg1:T6	Arg2:T12
16869821	CPR:4	Y	?	Arg1:T1	Arg2:T5
16869821	CPR:4	Y	?	Arg1:T2	Arg2:T6
16869821	CPR:4	Y	?	Arg1:T3	Arg2:T7
16869821	CPR:4	Y	?	Arg1:T4	Arg2:T8
16885432	CPR:4	Y	?	Arg1:T1	Arg2:T9
16885432	CPR:4	Y	?	Arg1:T2	Arg2:T10
16885432	CPR:4	Y	?	Arg1:T3	Arg2:T11
16885432	CPR:4	Y	?	Arg1:T4	Arg2:T12
16885432	CPR:4	Y	?	Arg1:T5	Arg2:T13
16885432	CPR:4	Y	?	Arg1:T6	Arg2:T14
16885432	CPR:4	Y	?	Arg1:T7	Arg2:T15
16885432	CPR:4	Y	?	Arg1:T8	Arg2:T16
16886928	CPR:4	Y	?	Arg1:T1	Arg2:T2
16892359	CPR:4	Y	?	Arg1:T1	Arg2:T2
16895478	CPR:4	Y	?	Arg1:T1	Arg2:T2
16895552	CPR:9	Y	?	Arg1:T1	Arg2:T2
16899369	CPR:4	Y	?	Arg1:T1	Arg2:T2
1690310	CPR:6	Y	?	Arg1:T1	Arg2:T3
1690310	CPR:6	Y	?	Arg1:T2	Arg2:T4
16905159	CPR:6	Y	?	Arg1:T1	Arg2:T5
16905159	CPR:6	Y	?	Arg1:T2	Arg2:T6
16905159	CPR:6	Y	?	Arg1:T3	Arg2:T7
16905159	CPR:6	Y	?	Arg1:T4	Arg2:T8
16906017	CPR:5	Y	?	Arg1:T1	Arg2:T2
16917013	CPR:9	Y	?	Arg1:T1	Arg2:T3
16917013	CPR:9	Y	?	Arg1:T2	Arg2:T4
16942602	CPR:4	Y	?	Arg1:T1	Arg2:T2
16945924	CPR:6	Y	?	Arg1:T1	Arg2:T3
16945924	CPR:6	Y	?	Arg1:T2	Arg2:T4
16952163	CPR:6	Y	?	Arg1:T1	Arg2:T2
16966178	CPR:4	Y	?	Arg1:T1	Arg2:T2
16966686	CPR:4	Y	?	Arg1:T1	Arg2:T4
16966686	CPR:4	Y	?	Arg1:T2	Arg2:T5
16966686	CPR:4	Y	?	Arg1:T3	Arg2:T6
16971653	CPR:3	Y	?	Arg1:T1	Arg2:T2
16981227	CPR:5	Y	?	Arg1:T1	Arg2:T3
16981227	CPR:5	Y	?	Arg1:T2	Arg2:T4
16981227	CPR:6	Y	?	Arg1:T1	Arg2:T3
16981227	CPR:6	Y	?	Arg1:T2	Arg2:T4
16981708	CPR:9	Y	?	Arg1:T1	Arg2:T3
16981708	CPR:9	Y	?	Arg1:T2	Arg2:T4
16983399	CPR:6	Y	?	Arg1:T1	Arg2:T2
17000136	CPR:4	Y	?	Arg1:T1	Arg2:T5
17000136	CPR:4	Y	?	Arg1:T2	Arg2:T6
17000136	CPR:4	Y	?	Arg1:T3	Arg2:T7
17000136	CPR:4	Y	?	Arg1:T4	Arg2:T8
17001291	CPR:4	Y	?	Arg1:T1	Arg2:T3
17001291	CPR:4	Y	?	Arg1:T2	Arg2:T4
17003348	CPR:4	Y	?	Arg1:T1	Arg2:T3
17003348	CPR:4	Y	?	Arg1:T2	Arg2:T4
17015480	CPR:5	Y	?	Arg1:T1	Arg2:T7
17015480	CPR:5	Y	?	Arg1:T2	Arg2:T8
17015480	CPR:5	Y	?	Arg1:T3	Arg2:T9
17015480	CPR:5	Y	?	Arg1:T4	Arg2:T10
17015480	CPR:5	Y	?	Arg1:T5	Arg2:T11
17015480	CPR:5	Y	?	Arg1:T6	Arg2:T12
17020465	CPR:5	Y	?	Arg1:T1	Arg2:T4
17020465	CPR:5	Y	?	Arg1:T2	Arg2:T5
17020465	CPR:5	Y	?	Arg1:T3	Arg2:T6
17023504	CPR:4	Y	?	Arg1:T1	Arg2:T5
17023504	CPR:4	Y	?	Arg1:T2	Arg2:T6
17023504	CPR:4	Y	?	Arg1:T3	Arg2:T7
17023504	CPR:4	Y	?	Arg1:T4	Arg2:T8
17023534	CPR:5	Y	?	Arg1:T1	Arg2:T2
17038430	CPR:4	Y	?	Arg1:T1	Arg2:T2
17038445	CPR:5	Y	?	Arg1:T1	Arg2:T4
17038445	CPR:5	Y	?	Arg1:T2	Arg2:T5
17038445	CPR:5	Y	?	Arg1:T3	Arg2:T6
17053162	CPR:3	Y	?	Arg1:T1	Arg2:T4
17053162	CPR:3	Y	?	Arg1:T2	Arg2:T5
17053162	CPR:3	Y	?	Arg1:T3	Arg2:T6
17056009	CPR:4	Y	?	Arg1:T1	Arg2:T8
17056009	CPR:4	Y	?	Arg1:T2	Arg2:T9
17056009	CPR:4	Y	?	Arg1:T3	Arg2:T10
17056009	CPR:4	Y	?	Arg1:T4	Arg2:T11
17056009	CPR:4	Y	?	Arg1:T5	Arg2:T12
17056009	CPR:4	Y	?	Arg1:T6	Arg2:T13
17056009	CPR:4	Y	?	Arg1:T7	Arg2:T14
17062688	CPR:4	Y	?	Arg1:T1	Arg2:T2
17063156	CPR:4	Y	?	Arg1:T1	Arg2:T2
17065054	CPR:4	Y	?	Arg1:T1	Arg2:T2
17068198	CPR:5	Y	?	Arg1:T1	Arg2:T3
17068198	CPR:5	Y	?	Arg1:T2	Arg2:T4
17068342	CPR:4	Y	?	Arg1:T1	Arg2:T3
17068342	CPR:4	Y	?	Arg1:T2	Arg2:T4
17071728	CPR:6	Y	?	Arg1:T1	Arg2:T2
17076770	CPR:5	Y	?	Arg1:T1	Arg2:T4
17076770	CPR:5	Y	?	Arg1:T2	Arg2:T5
17076770	CPR:5	Y	?	Arg1:T3	Arg2:T6
17083486	CPR:3	Y	?	Arg1:T1	Arg2:T2
17090651	CPR:5	Y	?	Arg1:T1	Arg2:T2
17092607	CPR:6	Y	?	Arg1:T1	Arg2:T2
17101561	CPR:9	Y	?	Arg1:T1	Arg2:T3
17101561	CPR:9	Y	?	Arg1:T2	Arg2:T4
17102120	CPR:6	Y	?	Arg1:T1	Arg2:T2
17109827	CPR:5	Y	?	Arg1:T1	Arg2:T2
17114825	CPR:4	Y	?	Arg1:T1	Arg2:T3
17114825	CPR:4	Y	?	Arg1:T2	Arg2:T4
17118173	CPR:5	Y	?	Arg1:T1	Arg2:T2
17130456	CPR:4	Y	?	Arg1:T1	Arg2:T4
17130456	CPR:4	Y	?	Arg1:T2	Arg2:T5
17130456	CPR:4	Y	?	Arg1:T3	Arg2:T6
17131328	CPR:4	Y	?	Arg1:T1	Arg2:T7
17131328	CPR:4	Y	?	Arg1:T2	Arg2:T8
17131328	CPR:4	Y	?	Arg1:T3	Arg2:T9
17131328	CPR:4	Y	?	Arg1:T4	Arg2:T10
17131328	CPR:4	Y	?	Arg1:T5	Arg2:T11
17131328	CPR:4	Y	?	Arg1:T6	Arg2:T12
17134027	CPR:6	Y	?	Arg1:T1	Arg2:T3
17134027	CPR:6	Y	?	Arg1:T2	Arg2:T4
17137369	CPR:6	Y	?	Arg1:T1	Arg2:T2
17155953	CPR:5	Y	?	Arg1:T1	Arg2:T2
17158208	CPR:5	Y	?	Arg1:T1	Arg2:T2
17158446	CPR:9	Y	?	Arg1:T1	Arg2:T4
17158446	CPR:9	Y	?	Arg1:T2	Arg2:T5
17158446	CPR:9	Y	?	Arg1:T3	Arg2:T6
17158759	CPR:5	Y	?	Arg1:T1	Arg2:T3
17158759	CPR:5	Y	?	Arg1:T2	Arg2:T4
17158759	CPR:6	Y	?	Arg1:T1	Arg2:T3
17158759	CPR:6	Y	?	Arg1:T2	Arg2:T4
17175104	CPR:4	Y	?	Arg1:T1	Arg2:T8
17175104	CPR:4	Y	?	Arg1:T2	Arg2:T9
17175104	CPR:4	Y	?	Arg1:T3	Arg2:T10
17175104	CPR:4	Y	?	Arg1:T4	Arg2:T11
17175104	CPR:4	Y	?	Arg1:T5	Arg2:T12
17175104	CPR:4	Y	?	Arg1:T6	Arg2:T13
17175104	CPR:4	Y	?	Arg1:T7	Arg2:T14
17178882	CPR:6	Y	?	Arg1:T1	Arg2:T2
17181139	CPR:4	Y	?	Arg1:T1	Arg2:T3
17181139	CPR:4	Y	?	Arg1:T2	Arg2:T4
17184542	CPR:9	Y	?	Arg1:T1	Arg2:T2
17192772	CPR:4	Y	?	Arg1:T1	Arg2:T5
17192772	CPR:4	Y	?	Arg1:T2	Arg2:T6
17192772	CPR:4	Y	?	Arg1:T3	Arg2:T7
17192772	CPR:4	Y	?	Arg1:T4	Arg2:T8
17199874	CPR:6	Y	?	Arg1:T1	Arg2:T3
17199874	CPR:6	Y	?	Arg1:T2	Arg2:T4
17202402	CPR:4	Y	?	Arg1:T1	Arg2:T5
17202402	CPR:4	Y	?	Arg1:T2	Arg2:T6
17202402	CPR:4	Y	?	Arg1:T3	Arg2:T7
17202402	CPR:4	Y	?	Arg1:T1	Arg2:T4
17212650	CPR:5	Y	?	Arg1:T1	Arg2:T3
17212650	CPR:5	Y	?	Arg1:T2	Arg2:T4
17223989	CPR:5	Y	?	Arg1:T1	Arg2:T3
17223989	CPR:5	Y	?	Arg1:T2	Arg2:T4
17224717	CPR:4	Y	?	Arg1:T1	Arg2:T4
17224717	CPR:4	Y	?	Arg1:T2	Arg2:T5
17224717	CPR:4	Y	?	Arg1:T3	Arg2:T6
17226798	CPR:5	Y	?	Arg1:T2	Arg2:T5
17226798	CPR:5	Y	?	Arg1:T1	Arg2:T4
17226798	CPR:5	Y	?	Arg1:T2	Arg2:T6
17226798	CPR:5	Y	?	Arg1:T3	Arg2:T7
17230521	CPR:4	Y	?	Arg1:T1	Arg2:T2
17234180	CPR:4	Y	?	Arg1:T1	Arg2:T2
17234899	CPR:5	Y	?	Arg1:T1	Arg2:T5
17234899	CPR:5	Y	?	Arg1:T2	Arg2:T6
17234899	CPR:5	Y	?	Arg1:T3	Arg2:T7
17234899	CPR:5	Y	?	Arg1:T4	Arg2:T8
17234900	CPR:5	Y	?	Arg1:T1	Arg2:T4
17234900	CPR:5	Y	?	Arg1:T3	Arg2:T5
17234900	CPR:5	Y	?	Arg1:T2	Arg2:T4
17243824	CPR:4	Y	?	Arg1:T1	Arg2:T3
17243824	CPR:4	Y	?	Arg1:T2	Arg2:T4
17251911	CPR:4	Y	?	Arg1:T1	Arg2:T2
17258197	CPR:4	Y	?	Arg1:T1	Arg2:T2
17259370	CPR:4	Y	?	Arg1:T1	Arg2:T5
17259370	CPR:4	Y	?	Arg1:T2	Arg2:T6
17259370	CPR:4	Y	?	Arg1:T3	Arg2:T7
17259370	CPR:4	Y	?	Arg1:T4	Arg2:T8
17260025	CPR:5	Y	?	Arg1:T1	Arg2:T2
17266941	CPR:4	Y	?	Arg1:T1	Arg2:T2
17273558	CPR:5	Y	?	Arg1:T1	Arg2:T2
17273750	CPR:6	Y	?	Arg1:T1	Arg2:T2
17287200	CPR:5	Y	?	Arg1:T1	Arg2:T4
17287200	CPR:5	Y	?	Arg1:T2	Arg2:T5
17287200	CPR:5	Y	?	Arg1:T3	Arg2:T6
17296815	CPR:4	Y	?	Arg1:T1	Arg2:T2
17300755	CPR:3	Y	?	Arg1:T1	Arg2:T2
17301410	CPR:5	Y	?	Arg1:T1	Arg2:T3
17301410	CPR:5	Y	?	Arg1:T2	Arg2:T5
17301410	CPR:5	Y	?	Arg1:T2	Arg2:T6
17301410	CPR:5	Y	?	Arg1:T2	Arg2:T7
17301410	CPR:5	Y	?	Arg1:T2	Arg2:T8
17301410	CPR:5	Y	?	Arg1:T1	Arg2:T4
17301410	CPR:5	Y	?	Arg1:T2	Arg2:T9
17308006	CPR:4	Y	?	Arg1:T1	Arg2:T3
17308006	CPR:4	Y	?	Arg1:T2	Arg2:T4
17314321	CPR:3	Y	?	Arg1:T1	Arg2:T2
17322116	CPR:4	Y	?	Arg1:T1	Arg2:T3
17322116	CPR:4	Y	?	Arg1:T2	Arg2:T4
1732532	CPR:5	Y	?	Arg1:T1	Arg2:T2
17336114	CPR:9	Y	?	Arg1:T1	Arg2:T3
17336114	CPR:9	Y	?	Arg1:T2	Arg2:T4
17337452	CPR:9	Y	?	Arg1:T1	Arg2:T2
17346280	CPR:6	Y	?	Arg1:T1	Arg2:T2
17350930	CPR:9	Y	?	Arg1:T1	Arg2:T2
17355124	CPR:9	Y	?	Arg1:T1	Arg2:T5
17355124	CPR:9	Y	?	Arg1:T2	Arg2:T6
17355124	CPR:9	Y	?	Arg1:T3	Arg2:T7
17355124	CPR:9	Y	?	Arg1:T4	Arg2:T8
17355125	CPR:9	Y	?	Arg1:T1	Arg2:T3
17355125	CPR:9	Y	?	Arg1:T2	Arg2:T4
17356573	CPR:4	Y	?	Arg1:T1	Arg2:T3
17356573	CPR:4	Y	?	Arg1:T2	Arg2:T4
17360906	CPR:6	Y	?	Arg1:T1	Arg2:T3
17360906	CPR:6	Y	?	Arg1:T2	Arg2:T4
17364237	CPR:4	Y	?	Arg1:T1	Arg2:T3
17364237	CPR:4	Y	?	Arg1:T2	Arg2:T4
17367763	CPR:4	Y	?	Arg1:T1	Arg2:T7
17367763	CPR:4	Y	?	Arg1:T1	Arg2:T4
17367763	CPR:4	Y	?	Arg1:T2	Arg2:T8
17367763	CPR:4	Y	?	Arg1:T1	Arg2:T5
17367763	CPR:4	Y	?	Arg1:T1	Arg2:T6
17367763	CPR:4	Y	?	Arg1:T3	Arg2:T9
17379648	CPR:4	Y	?	Arg1:T1	Arg2:T3
17379648	CPR:4	Y	?	Arg1:T2	Arg2:T4
17385063	CPR:4	Y	?	Arg1:T1	Arg2:T3
17385063	CPR:4	Y	?	Arg1:T2	Arg2:T4
17389618	CPR:9	Y	?	Arg1:T1	Arg2:T2
17394052	CPR:5	Y	?	Arg1:T1	Arg2:T3
17394052	CPR:5	Y	?	Arg1:T2	Arg2:T4
17403057	CPR:4	Y	?	Arg1:T1	Arg2:T2
17405869	CPR:6	Y	?	Arg1:T1	Arg2:T2
17408613	CPR:6	Y	?	Arg1:T1	Arg2:T2
17408927	CPR:4	Y	?	Arg1:T1	Arg2:T2
17417877	CPR:6	Y	?	Arg1:T1	Arg2:T2
17428498	CPR:4	Y	?	Arg1:T1	Arg2:T2
17430993	CPR:4	Y	?	Arg1:T1	Arg2:T8
17430993	CPR:4	Y	?	Arg1:T2	Arg2:T9
17430993	CPR:4	Y	?	Arg1:T3	Arg2:T10
17430993	CPR:4	Y	?	Arg1:T4	Arg2:T11
17430993	CPR:4	Y	?	Arg1:T5	Arg2:T12
17430993	CPR:4	Y	?	Arg1:T6	Arg2:T13
17430993	CPR:4	Y	?	Arg1:T7	Arg2:T14
17431118	CPR:4	Y	?	Arg1:T1	Arg2:T8
17431118	CPR:4	Y	?	Arg1:T2	Arg2:T9
17431118	CPR:4	Y	?	Arg1:T3	Arg2:T10
17431118	CPR:4	Y	?	Arg1:T4	Arg2:T11
17431118	CPR:4	Y	?	Arg1:T5	Arg2:T12
17431118	CPR:4	Y	?	Arg1:T6	Arg2:T13
17431118	CPR:4	Y	?	Arg1:T7	Arg2:T14
17431542	CPR:5	Y	?	Arg1:T1	Arg2:T2
17436372	CPR:6	Y	?	Arg1:T1	Arg2:T2
17436372	CPR:4	Y	?	Arg1:T1	Arg2:T3
17442842	CPR:5	Y	?	Arg1:T1	Arg2:T8
17442842	CPR:5	Y	?	Arg1:T2	Arg2:T9
17442842	CPR:5	Y	?	Arg1:T3	Arg2:T10
17442842	CPR:5	Y	?	Arg1:T4	Arg2:T11
17442842	CPR:5	Y	?	Arg1:T5	Arg2:T12
17442842	CPR:5	Y	?	Arg1:T6	Arg2:T13
17442842	CPR:5	Y	?	Arg1:T7	Arg2:T14
17442976	CPR:5	Y	?	Arg1:T1	Arg2:T4
17442976	CPR:5	Y	?	Arg1:T2	Arg2:T5
17442976	CPR:5	Y	?	Arg1:T3	Arg2:T6
17445919	CPR:4	Y	?	Arg1:T1	Arg2:T2
17455212	CPR:5	Y	?	Arg1:T1	Arg2:T3
17455212	CPR:5	Y	?	Arg1:T2	Arg2:T4
17456683	CPR:4	Y	?	Arg1:T1	Arg2:T4
17456683	CPR:4	Y	?	Arg1:T2	Arg2:T6
17456683	CPR:4	Y	?	Arg1:T1	Arg2:T5
17456683	CPR:4	Y	?	Arg1:T2	Arg2:T7
17456683	CPR:4	Y	?	Arg1:T3	Arg2:T8
17458563	CPR:6	Y	?	Arg1:T1	Arg2:T3
17458563	CPR:6	Y	?	Arg1:T2	Arg2:T4
17460608	CPR:4	Y	?	Arg1:T2	Arg2:T3
17460608	CPR:4	Y	?	Arg1:T1	Arg2:T3
17474542	CPR:4	Y	?	Arg1:T1	Arg2:T2
17485303	CPR:4	Y	?	Arg1:T1	Arg2:T2
17486546	CPR:9	Y	?	Arg1:T1	Arg2:T4
17486546	CPR:9	Y	?	Arg1:T2	Arg2:T5
17486546	CPR:9	Y	?	Arg1:T3	Arg2:T6
17498959	CPR:6	Y	?	Arg1:T1	Arg2:T3
17498959	CPR:6	Y	?	Arg1:T2	Arg2:T4
17502428	CPR:6	Y	?	Arg1:T1	Arg2:T5
17502428	CPR:6	Y	?	Arg1:T3	Arg2:T6
17502428	CPR:6	Y	?	Arg1:T4	Arg2:T7
17502428	CPR:6	Y	?	Arg1:T2	Arg2:T5
17506934	CPR:4	Y	?	Arg1:T1	Arg2:T2
17513393	CPR:9	Y	?	Arg1:T1	Arg2:T3
17513393	CPR:9	Y	?	Arg1:T2	Arg2:T4
17516707	CPR:4	Y	?	Arg1:T1	Arg2:T3
17516707	CPR:4	Y	?	Arg1:T2	Arg2:T4
17521299	CPR:4	Y	?	Arg1:T1	Arg2:T2
17524933	CPR:4	Y	?	Arg1:T1	Arg2:T2
17526944	CPR:3	Y	?	Arg1:T1	Arg2:T8
17526944	CPR:3	Y	?	Arg1:T2	Arg2:T9
17526944	CPR:3	Y	?	Arg1:T3	Arg2:T10
17526944	CPR:3	Y	?	Arg1:T4	Arg2:T11
17526944	CPR:3	Y	?	Arg1:T5	Arg2:T12
17526944	CPR:3	Y	?	Arg1:T6	Arg2:T13
17526944	CPR:3	Y	?	Arg1:T7	Arg2:T14
17537059	CPR:3	Y	?	Arg1:T1	Arg2:T2
17545544	CPR:6	Y	?	Arg1:T1	Arg2:T3
17545544	CPR:6	Y	?	Arg1:T2	Arg2:T4
17545544	CPR:6	Y	?	Arg1:T2	Arg2:T5
17553470	CPR:5	Y	?	Arg1:T1	Arg2:T3
17553470	CPR:5	Y	?	Arg1:T2	Arg2:T4
17555598	CPR:4	Y	?	Arg1:T1	Arg2:T3
17555598	CPR:4	Y	?	Arg1:T2	Arg2:T4
17558310	CPR:6	Y	?	Arg1:T1	Arg2:T2
17559139	CPR:6	Y	?	Arg1:T1	Arg2:T2
17559790	CPR:4	Y	?	Arg1:T1	Arg2:T2
17573046	CPR:5	Y	?	Arg1:T1	Arg2:T4
17573046	CPR:5	Y	?	Arg1:T2	Arg2:T5
17573046	CPR:5	Y	?	Arg1:T3	Arg2:T6
17573128	CPR:4	Y	?	Arg1:T1	Arg2:T2
17575107	CPR:4	Y	?	Arg1:T1	Arg2:T3
17575107	CPR:4	Y	?	Arg1:T2	Arg2:T4
17575216	CPR:5	Y	?	Arg1:T1	Arg2:T2
17578914	CPR:4	Y	?	Arg1:T1	Arg2:T4
17578914	CPR:4	Y	?	Arg1:T2	Arg2:T5
17578914	CPR:4	Y	?	Arg1:T3	Arg2:T6
17588330	CPR:6	Y	?	Arg1:T1	Arg2:T2
17588331	CPR:4	Y	?	Arg1:T1	Arg2:T3
17588331	CPR:4	Y	?	Arg1:T2	Arg2:T4
17591676	CPR:3	Y	?	Arg1:T1	Arg2:T7
17591676	CPR:3	Y	?	Arg1:T6	Arg2:T14
17591676	CPR:3	Y	?	Arg1:T1	Arg2:T8
17591676	CPR:3	Y	?	Arg1:T2	Arg2:T9
17591676	CPR:3	Y	?	Arg1:T6	Arg2:T15
17591676	CPR:3	Y	?	Arg1:T2	Arg2:T10
17591676	CPR:3	Y	?	Arg1:T3	Arg2:T11
17591676	CPR:3	Y	?	Arg1:T4	Arg2:T12
17591676	CPR:3	Y	?	Arg1:T5	Arg2:T13
17591676	CPR:3	Y	?	Arg1:T6	Arg2:T16
17592198	CPR:4	Y	?	Arg1:T1	Arg2:T2
17610002	CPR:5	Y	?	Arg1:T1	Arg2:T2
17613539	CPR:5	Y	?	Arg1:T1	Arg2:T2
17628506	CPR:4	Y	?	Arg1:T1	Arg2:T4
17628506	CPR:4	Y	?	Arg1:T2	Arg2:T5
17628506	CPR:4	Y	?	Arg1:T3	Arg2:T6
17631921	CPR:3	Y	?	Arg1:T1	Arg2:T2
17636172	CPR:5	Y	?	Arg1:T1	Arg2:T3
17636172	CPR:5	Y	?	Arg1:T2	Arg2:T4
17639997	CPR:4	Y	?	Arg1:T1	Arg2:T2
17653141	CPR:4	Y	?	Arg1:T1	Arg2:T2
17659402	CPR:3	Y	?	Arg1:T1	Arg2:T2
17699867	CPR:6	Y	?	Arg1:T1	Arg2:T2
17715389	CPR:4	Y	?	Arg1:T1	Arg2:T4
17715389	CPR:4	Y	?	Arg1:T2	Arg2:T5
17715389	CPR:4	Y	?	Arg1:T3	Arg2:T6
1783326	CPR:5	Y	?	Arg1:T1	Arg2:T2
17851563	CPR:4	Y	?	Arg1:T1	Arg2:T2
17898305	CPR:5	Y	?	Arg1:T1	Arg2:T2
17912044	CPR:6	Y	?	Arg1:T1	Arg2:T3
17912044	CPR:6	Y	?	Arg1:T2	Arg2:T5
17912044	CPR:6	Y	?	Arg1:T1	Arg2:T4
17912044	CPR:6	Y	?	Arg1:T2	Arg2:T6
17995453	CPR:3	Y	?	Arg1:T1	Arg2:T2
18061638	CPR:5	Y	?	Arg1:T1	Arg2:T3
18061638	CPR:5	Y	?	Arg1:T1	Arg2:T2
18077625	CPR:5	Y	?	Arg1:T1	Arg2:T2
18079279	CPR:3	Y	?	Arg1:T1	Arg2:T5
18079279	CPR:3	Y	?	Arg1:T2	Arg2:T6
18079279	CPR:3	Y	?	Arg1:T3	Arg2:T7
18079279	CPR:3	Y	?	Arg1:T4	Arg2:T8
18237195	CPR:4	Y	?	Arg1:T1	Arg2:T9
18237195	CPR:4	Y	?	Arg1:T2	Arg2:T10
18237195	CPR:4	Y	?	Arg1:T3	Arg2:T11
18237195	CPR:4	Y	?	Arg1:T4	Arg2:T12
18237195	CPR:4	Y	?	Arg1:T5	Arg2:T13
18237195	CPR:4	Y	?	Arg1:T6	Arg2:T14
18237195	CPR:4	Y	?	Arg1:T7	Arg2:T15
18237195	CPR:4	Y	?	Arg1:T8	Arg2:T16
18343915	CPR:4	Y	?	Arg1:T1	Arg2:T4
18343915	CPR:4	Y	?	Arg1:T2	Arg2:T5
18343915	CPR:4	Y	?	Arg1:T1	Arg2:T3
18343915	CPR:4	Y	?	Arg1:T2	Arg2:T6
1838579	CPR:5	Y	?	Arg1:T1	Arg2:T2
18472336	CPR:5	Y	?	Arg1:T1	Arg2:T4
18472336	CPR:5	Y	?	Arg1:T3	Arg2:T8
18472336	CPR:5	Y	?	Arg1:T1	Arg2:T5
18472336	CPR:5	Y	?	Arg1:T2	Arg2:T7
18472336	CPR:5	Y	?	Arg1:T1	Arg2:T6
18472336	CPR:5	Y	?	Arg1:T3	Arg2:T9
1847384	CPR:5	Y	?	Arg1:T1	Arg2:T5
1847384	CPR:5	Y	?	Arg1:T2	Arg2:T6
1847384	CPR:5	Y	?	Arg1:T3	Arg2:T7
1847384	CPR:5	Y	?	Arg1:T4	Arg2:T8
18501888	CPR:4	Y	?	Arg1:T1	Arg2:T5
18501888	CPR:4	Y	?	Arg1:T2	Arg2:T6
18501888	CPR:4	Y	?	Arg1:T3	Arg2:T7
18501888	CPR:4	Y	?	Arg1:T4	Arg2:T8
18516076	CPR:4	Y	?	Arg1:T1	Arg2:T2
18541897	CPR:4	Y	?	Arg1:T1	Arg2:T2
18544567	CPR:5	Y	?	Arg1:T1	Arg2:T3
18544567	CPR:5	Y	?	Arg1:T2	Arg2:T4
18560757	CPR:9	Y	?	Arg1:T1	Arg2:T2
18600528	CPR:4	Y	?	Arg1:T1	Arg2:T2
1863523	CPR:6	Y	?	Arg1:T1	Arg2:T5
1863523	CPR:6	Y	?	Arg1:T2	Arg2:T6
1863523	CPR:6	Y	?	Arg1:T3	Arg2:T7
1863523	CPR:6	Y	?	Arg1:T4	Arg2:T8
18657662	CPR:6	Y	?	Arg1:T1	Arg2:T2
18704368	CPR:5	Y	?	Arg1:T1	Arg2:T3
18704368	CPR:5	Y	?	Arg1:T2	Arg2:T4
18794803	CPR:4	Y	?	Arg1:T1	Arg2:T3
18794803	CPR:4	Y	?	Arg1:T2	Arg2:T4
18839173	CPR:3	Y	?	Arg1:T1	Arg2:T2
18948374	CPR:5	Y	?	Arg1:T1	Arg2:T2
18976723	CPR:5	Y	?	Arg1:T1	Arg2:T2
18991872	CPR:4	Y	?	Arg1:T1	Arg2:T3
18991872	CPR:4	Y	?	Arg1:T2	Arg2:T4
19000823	CPR:4	Y	?	Arg1:T1	Arg2:T2
19066855	CPR:4	Y	?	Arg1:T1	Arg2:T3
19066855	CPR:4	Y	?	Arg1:T2	Arg2:T4
19147680	CPR:5	Y	?	Arg1:T1	Arg2:T5
19147680	CPR:5	Y	?	Arg1:T2	Arg2:T6
19147680	CPR:5	Y	?	Arg1:T3	Arg2:T7
19147680	CPR:5	Y	?	Arg1:T4	Arg2:T8
19337725	CPR:6	Y	?	Arg1:T1	Arg2:T2
19376361	CPR:4	Y	?	Arg1:T1	Arg2:T2
19417176	CPR:6	Y	?	Arg1:T1	Arg2:T6
19417176	CPR:6	Y	?	Arg1:T2	Arg2:T7
19417176	CPR:6	Y	?	Arg1:T3	Arg2:T8
19417176	CPR:6	Y	?	Arg1:T4	Arg2:T9
19417176	CPR:6	Y	?	Arg1:T5	Arg2:T10
19427037	CPR:4	Y	?	Arg1:T1	Arg2:T4
19427037	CPR:4	Y	?	Arg1:T2	Arg2:T5
19427037	CPR:4	Y	?	Arg1:T3	Arg2:T6
19458386	CPR:4	Y	?	Arg1:T1	Arg2:T2
19460945	CPR:5	Y	?	Arg1:T1	Arg2:T4
19460945	CPR:5	Y	?	Arg1:T2	Arg2:T5
19460945	CPR:5	Y	?	Arg1:T3	Arg2:T6
19463689	CPR:6	Y	?	Arg1:T1	Arg2:T2
19463840	CPR:5	Y	?	Arg1:T1	Arg2:T3
19463840	CPR:5	Y	?	Arg1:T2	Arg2:T5
19463840	CPR:5	Y	?	Arg1:T1	Arg2:T4
19463840	CPR:5	Y	?	Arg1:T2	Arg2:T6
19464167	CPR:5	Y	?	Arg1:T1	Arg2:T2
19465935	CPR:4	Y	?	Arg1:T1	Arg2:T2
19470293	CPR:4	Y	?	Arg1:T1	Arg2:T3
19470293	CPR:4	Y	?	Arg1:T2	Arg2:T4
19470293	CPR:4	Y	?	Arg1:T2	Arg2:T5
19515843	CPR:4	Y	?	Arg1:T1	Arg2:T6
19515843	CPR:4	Y	?	Arg1:T2	Arg2:T7
19515843	CPR:4	Y	?	Arg1:T3	Arg2:T8
19515843	CPR:4	Y	?	Arg1:T4	Arg2:T9
19515843	CPR:4	Y	?	Arg1:T5	Arg2:T10
19533734	CPR:6	Y	?	Arg1:T1	Arg2:T2
19616061	CPR:4	Y	?	Arg1:T1	Arg2:T14
19616061	CPR:4	Y	?	Arg1:T3	Arg2:T15
19616061	CPR:4	Y	?	Arg1:T4	Arg2:T16
19616061	CPR:4	Y	?	Arg1:T7	Arg2:T17
19616061	CPR:4	Y	?	Arg1:T9	Arg2:T18
19616061	CPR:4	Y	?	Arg1:T11	Arg2:T19
19616061	CPR:4	Y	?	Arg1:T12	Arg2:T20
19616061	CPR:4	Y	?	Arg1:T2	Arg2:T14
19616061	CPR:4	Y	?	Arg1:T5	Arg2:T16
19616061	CPR:4	Y	?	Arg1:T6	Arg2:T17
19616061	CPR:4	Y	?	Arg1:T8	Arg2:T18
19616061	CPR:4	Y	?	Arg1:T10	Arg2:T19
19616061	CPR:4	Y	?	Arg1:T13	Arg2:T20
19654053	CPR:4	Y	?	Arg1:T1	Arg2:T2
1965892	CPR:5	Y	?	Arg1:T1	Arg2:T2
19668749	CPR:4	Y	?	Arg1:T1	Arg2:T2
19669185	CPR:4	Y	?	Arg1:T1	Arg2:T2
19673610	CPR:4	Y	?	Arg1:T1	Arg2:T3
19673610	CPR:4	Y	?	Arg1:T2	Arg2:T4
19730427	CPR:6	Y	?	Arg1:T1	Arg2:T2
19744340	CPR:5	Y	?	Arg1:T1	Arg2:T3
19744340	CPR:5	Y	?	Arg1:T2	Arg2:T3
19774211	CPR:4	Y	?	Arg1:T1	Arg2:T2
19796047	CPR:6	Y	?	Arg1:T1	Arg2:T2
19808995	CPR:6	Y	?	Arg1:T1	Arg2:T6
19808995	CPR:6	Y	?	Arg1:T2	Arg2:T7
19808995	CPR:6	Y	?	Arg1:T3	Arg2:T8
19808995	CPR:6	Y	?	Arg1:T4	Arg2:T9
19808995	CPR:6	Y	?	Arg1:T5	Arg2:T10
19820031	CPR:6	Y	?	Arg1:T1	Arg2:T2
19822896	CPR:4	Y	?	Arg1:T1	Arg2:T2
19828880	CPR:5	Y	?	Arg1:T1	Arg2:T2
19833195	CPR:5	Y	?	Arg1:T1	Arg2:T2
19886911	CPR:4	Y	?	Arg1:T1	Arg2:T2
19920925	CPR:4	Y	?	Arg1:T1	Arg2:T3
19920925	CPR:4	Y	?	Arg1:T2	Arg2:T4
1994002	CPR:6	Y	?	Arg1:T1	Arg2:T2
19966183	CPR:5	Y	?	Arg1:T1	Arg2:T3
19966183	CPR:5	Y	?	Arg1:T2	Arg2:T4
19966183	CPR:5	Y	?	Arg1:T2	Arg2:T5
20007701	CPR:4	Y	?	Arg1:T1	Arg2:T2
20014331	CPR:4	Y	?	Arg1:T1	Arg2:T2
20137114	CPR:5	Y	?	Arg1:T1	Arg2:T2
20141432	CPR:4	Y	?	Arg1:T1	Arg2:T3
20141432	CPR:4	Y	?	Arg1:T2	Arg2:T4
20149798	CPR:6	Y	?	Arg1:T1	Arg2:T2
20197484	CPR:6	Y	?	Arg1:T1	Arg2:T2
20400469	CPR:5	Y	?	Arg1:T1	Arg2:T4
20400469	CPR:5	Y	?	Arg1:T2	Arg2:T5
20400469	CPR:5	Y	?	Arg1:T3	Arg2:T6
20439738	CPR:5	Y	?	Arg1:T1	Arg2:T2
20463020	CPR:4	Y	?	Arg1:T1	Arg2:T3
20463020	CPR:4	Y	?	Arg1:T2	Arg2:T4
20502133	CPR:4	Y	?	Arg1:T1	Arg2:T2
20512624	CPR:4	Y	?	Arg1:T2	Arg2:T5
20512624	CPR:4	Y	?	Arg1:T1	Arg2:T5
20512624	CPR:4	Y	?	Arg1:T3	Arg2:T8
20512624	CPR:4	Y	?	Arg1:T2	Arg2:T7
20512624	CPR:4	Y	?	Arg1:T4	Arg2:T10
20512624	CPR:4	Y	?	Arg1:T2	Arg2:T6
20512624	CPR:4	Y	?	Arg1:T4	Arg2:T9
20522800	CPR:5	Y	?	Arg1:T1	Arg2:T3
20522800	CPR:5	Y	?	Arg1:T2	Arg2:T4
20522977	CPR:4	Y	?	Arg1:T1	Arg2:T2
20627999	CPR:5	Y	?	Arg1:T1	Arg2:T6
20627999	CPR:5	Y	?	Arg1:T2	Arg2:T7
20627999	CPR:5	Y	?	Arg1:T3	Arg2:T8
20627999	CPR:5	Y	?	Arg1:T4	Arg2:T9
20627999	CPR:5	Y	?	Arg1:T5	Arg2:T10
20637823	CPR:5	Y	?	Arg1:T1	Arg2:T2
20645691	CPR:4	Y	?	Arg1:T1	Arg2:T3
20645691	CPR:4	Y	?	Arg1:T2	Arg2:T4
20653327	CPR:5	Y	?	Arg1:T1	Arg2:T4
20653327	CPR:5	Y	?	Arg1:T2	Arg2:T5
20653327	CPR:5	Y	?	Arg1:T3	Arg2:T6
20658522	CPR:6	Y	?	Arg1:T1	Arg2:T7
20658522	CPR:6	Y	?	Arg1:T2	Arg2:T9
20658522	CPR:6	Y	?	Arg1:T1	Arg2:T8
20658522	CPR:6	Y	?	Arg1:T2	Arg2:T10
20658522	CPR:6	Y	?	Arg1:T3	Arg2:T11
20658522	CPR:6	Y	?	Arg1:T4	Arg2:T12
20658522	CPR:6	Y	?	Arg1:T5	Arg2:T13
20658522	CPR:6	Y	?	Arg1:T6	Arg2:T14
20682597	CPR:4	Y	?	Arg1:T1	Arg2:T3
20682597	CPR:4	Y	?	Arg1:T2	Arg2:T4
20732414	CPR:3	Y	?	Arg1:T1	Arg2:T2
20811699	CPR:4	Y	?	Arg1:T1	Arg2:T2
20827267	CPR:5	Y	?	Arg1:T1	Arg2:T2
20827267	CPR:6	Y	?	Arg1:T1	Arg2:T2
20870038	CPR:4	Y	?	Arg1:T1	Arg2:T2
21036126	CPR:4	Y	?	Arg1:T1	Arg2:T5
21036126	CPR:4	Y	?	Arg1:T2	Arg2:T6
21036126	CPR:4	Y	?	Arg1:T3	Arg2:T7
21036126	CPR:4	Y	?	Arg1:T4	Arg2:T8
21054754	CPR:4	Y	?	Arg1:T1	Arg2:T2
21091776	CPR:4	Y	?	Arg1:T1	Arg2:T4
21091776	CPR:4	Y	?	Arg1:T2	Arg2:T5
21091776	CPR:4	Y	?	Arg1:T3	Arg2:T6
21129983	CPR:4	Y	?	Arg1:T1	Arg2:T2
21143836	CPR:5	Y	?	Arg1:T1	Arg2:T3
21143836	CPR:5	Y	?	Arg1:T2	Arg2:T4
21177475	CPR:4	Y	?	Arg1:T1	Arg2:T4
21177475	CPR:4	Y	?	Arg1:T2	Arg2:T5
21177475	CPR:4	Y	?	Arg1:T3	Arg2:T6
21208749	CPR:5	Y	?	Arg1:T1	Arg2:T2
22293084	CPR:3	Y	?	Arg1:T1	Arg2:T4
22293084	CPR:3	Y	?	Arg1:T2	Arg2:T5
22293084	CPR:3	Y	?	Arg1:T3	Arg2:T6
22517326	CPR:3	Y	?	Arg1:T1	Arg2:T3
22517326	CPR:3	Y	?	Arg1:T2	Arg2:T4
22520687	CPR:4	Y	?	Arg1:T1	Arg2:T6
22520687	CPR:4	Y	?	Arg1:T2	Arg2:T7
22520687	CPR:4	Y	?	Arg1:T3	Arg2:T8
22520687	CPR:4	Y	?	Arg1:T4	Arg2:T9
22520687	CPR:4	Y	?	Arg1:T5	Arg2:T10
2253700	CPR:6	Y	?	Arg1:T1	Arg2:T8
2253700	CPR:6	Y	?	Arg1:T2	Arg2:T9
2253700	CPR:6	Y	?	Arg1:T3	Arg2:T10
2253700	CPR:6	Y	?	Arg1:T4	Arg2:T11
2253700	CPR:6	Y	?	Arg1:T5	Arg2:T12
2253700	CPR:6	Y	?	Arg1:T6	Arg2:T13
2253700	CPR:6	Y	?	Arg1:T7	Arg2:T14
22790794	CPR:4	Y	?	Arg1:T1	Arg2:T2
2307235	CPR:5	Y	?	Arg1:T1	Arg2:T2
23134735	CPR:4	Y	?	Arg1:T1	Arg2:T2
23190395	CPR:4	Y	?	Arg1:T1	Arg2:T2
23204107	CPR:6	Y	?	Arg1:T1	Arg2:T2
23250851	CPR:5	Y	?	Arg1:T1	Arg2:T2
23372609	CPR:4	Y	?	Arg1:T1	Arg2:T2
23468082	CPR:4	Y	?	Arg1:T1	Arg2:T2
23526464	CPR:4	Y	?	Arg1:T1	Arg2:T2
23539538	CPR:4	Y	?	Arg1:T1	Arg2:T6
23539538	CPR:4	Y	?	Arg1:T2	Arg2:T7
23539538	CPR:4	Y	?	Arg1:T3	Arg2:T8
23539538	CPR:4	Y	?	Arg1:T4	Arg2:T9
23539538	CPR:4	Y	?	Arg1:T5	Arg2:T10
23563275	CPR:6	Y	?	Arg1:T1	Arg2:T5
23563275	CPR:6	Y	?	Arg1:T2	Arg2:T6
23563275	CPR:6	Y	?	Arg1:T3	Arg2:T7
23563275	CPR:6	Y	?	Arg1:T4	Arg2:T8
23563700	CPR:4	Y	?	Arg1:T1	Arg2:T7
23563700	CPR:4	Y	?	Arg1:T2	Arg2:T8
23563700	CPR:4	Y	?	Arg1:T3	Arg2:T9
23563700	CPR:4	Y	?	Arg1:T4	Arg2:T10
23563700	CPR:4	Y	?	Arg1:T5	Arg2:T11
23563700	CPR:4	Y	?	Arg1:T6	Arg2:T12
23583259	CPR:5	Y	?	Arg1:T1	Arg2:T3
23583259	CPR:5	Y	?	Arg1:T2	Arg2:T4
2432979	CPR:6	Y	?	Arg1:T1	Arg2:T5
2432979	CPR:6	Y	?	Arg1:T2	Arg2:T6
2432979	CPR:6	Y	?	Arg1:T3	Arg2:T7
2432979	CPR:6	Y	?	Arg1:T4	Arg2:T8
24947465	CPR:5	Y	?	Arg1:T1	Arg2:T5
24947465	CPR:5	Y	?	Arg1:T3	Arg2:T7
24947465	CPR:6	Y	?	Arg1:T1	Arg2:T4
24947465	CPR:6	Y	?	Arg1:T2	Arg2:T6
2502209	CPR:6	Y	?	Arg1:T1	Arg2:T2
25354738	CPR:6	Y	?	Arg1:T1	Arg2:T2
25534555	CPR:5	Y	?	Arg1:T1	Arg2:T3
25534555	CPR:5	Y	?	Arg1:T2	Arg2:T6
25534555	CPR:5	Y	?	Arg1:T1	Arg2:T4
25534555	CPR:5	Y	?	Arg1:T2	Arg2:T5
2568436	CPR:4	Y	?	Arg1:T1	Arg2:T2
25850750	CPR:5	Y	?	Arg1:T1	Arg2:T4
25850750	CPR:5	Y	?	Arg1:T2	Arg2:T5
25850750	CPR:5	Y	?	Arg1:T3	Arg2:T6
2586634	CPR:5	Y	?	Arg1:T1	Arg2:T2
25981132	CPR:4	Y	?	Arg1:T1	Arg2:T3
25981132	CPR:4	Y	?	Arg1:T2	Arg2:T4
2625138	CPR:6	Y	?	Arg1:T1	Arg2:T2
26384788	CPR:4	Y	?	Arg1:T1	Arg2:T2
26510944	CPR:5	Y	?	Arg1:T1	Arg2:T2
26658258	CPR:5	Y	?	Arg1:T1	Arg2:T2
26658258	CPR:3	Y	?	Arg1:T1	Arg2:T2
2723642	CPR:5	Y	?	Arg1:T1	Arg2:T2
2828423	CPR:5	Y	?	Arg1:T1	Arg2:T3
2828423	CPR:5	Y	?	Arg1:T2	Arg2:T3
2835832	CPR:5	Y	?	Arg1:T1	Arg2:T2
2887435	CPR:5	Y	?	Arg1:T1	Arg2:T2
2904117	CPR:6	Y	?	Arg1:T1	Arg2:T2
2913485	CPR:4	Y	?	Arg1:T1	Arg2:T2
2933041	CPR:4	Y	?	Arg1:T1	Arg2:T2
2985086	CPR:5	Y	?	Arg1:T1	Arg2:T2
3020249	CPR:4	Y	?	Arg1:T1	Arg2:T2
3022601	CPR:4	Y	?	Arg1:T1	Arg2:T5
3022601	CPR:4	Y	?	Arg1:T2	Arg2:T6
3022601	CPR:4	Y	?	Arg1:T3	Arg2:T7
3022601	CPR:4	Y	?	Arg1:T4	Arg2:T8
3036471	CPR:5	Y	?	Arg1:T1	Arg2:T3
3036471	CPR:5	Y	?	Arg1:T2	Arg2:T4
3037028	CPR:5	Y	?	Arg1:T1	Arg2:T2
3076376	CPR:4	Y	?	Arg1:T1	Arg2:T2
3208836	CPR:6	Y	?	Arg1:T1	Arg2:T2
4091799	CPR:4	Y	?	Arg1:T1	Arg2:T6
4091799	CPR:4	Y	?	Arg1:T2	Arg2:T7
4091799	CPR:4	Y	?	Arg1:T3	Arg2:T8
4091799	CPR:4	Y	?	Arg1:T4	Arg2:T9
4091799	CPR:4	Y	?	Arg1:T5	Arg2:T10
6124875	CPR:5	Y	?	Arg1:T1	Arg2:T3
6124875	CPR:5	Y	?	Arg1:T2	Arg2:T4
6247160	CPR:5	Y	?	Arg1:T1	Arg2:T2
6451613	CPR:4	Y	?	Arg1:T1	Arg2:T2
6646243	CPR:4	Y	?	Arg1:T1	Arg2:T2
6704779	CPR:6	Y	?	Arg1:T1	Arg2:T3
6704779	CPR:6	Y	?	Arg1:T2	Arg2:T4
6789797	CPR:4	Y	?	Arg1:T1	Arg2:T2
7286847	CPR:6	Y	?	Arg1:T1	Arg2:T3
7286847	CPR:6	Y	?	Arg1:T2	Arg2:T4
7362049	CPR:6	Y	?	Arg1:T1	Arg2:T5
7362049	CPR:6	Y	?	Arg1:T2	Arg2:T6
7362049	CPR:6	Y	?	Arg1:T3	Arg2:T7
7362049	CPR:6	Y	?	Arg1:T4	Arg2:T8
7473177	CPR:4	Y	?	Arg1:T1	Arg2:T8
7473177	CPR:4	Y	?	Arg1:T2	Arg2:T9
7473177	CPR:4	Y	?	Arg1:T3	Arg2:T10
7473177	CPR:4	Y	?	Arg1:T4	Arg2:T11
7473177	CPR:4	Y	?	Arg1:T5	Arg2:T12
7473177	CPR:4	Y	?	Arg1:T6	Arg2:T13
7473177	CPR:4	Y	?	Arg1:T7	Arg2:T14
7488490	CPR:6	Y	?	Arg1:T1	Arg2:T3
7488490	CPR:6	Y	?	Arg1:T2	Arg2:T4
7511759	CPR:4	Y	?	Arg1:T1	Arg2:T2
7518029	CPR:6	Y	?	Arg1:T1	Arg2:T3
7518029	CPR:6	Y	?	Arg1:T2	Arg2:T4
7520908	CPR:6	Y	?	Arg1:T1	Arg2:T4
7520908	CPR:6	Y	?	Arg1:T3	Arg2:T6
7520908	CPR:6	Y	?	Arg1:T2	Arg2:T5
7530204	CPR:6	Y	?	Arg1:T1	Arg2:T2
7540578	CPR:5	Y	?	Arg1:T1	Arg2:T5
7540578	CPR:5	Y	?	Arg1:T2	Arg2:T6
7540578	CPR:5	Y	?	Arg1:T3	Arg2:T7
7540578	CPR:5	Y	?	Arg1:T4	Arg2:T8
7548008	CPR:4	Y	?	Arg1:T1	Arg2:T2
7562537	CPR:6	Y	?	Arg1:T1	Arg2:T2
7562537	CPR:6	Y	?	Arg1:T1	Arg2:T3
7585327	CPR:4	Y	?	Arg1:T1	Arg2:T3
7585327	CPR:4	Y	?	Arg1:T2	Arg2:T4
7681475	CPR:4	Y	?	Arg1:T1	Arg2:T2
7700252	CPR:3	Y	?	Arg1:T1	Arg2:T2
7750284	CPR:5	Y	?	Arg1:T1	Arg2:T3
7750284	CPR:5	Y	?	Arg1:T1	Arg2:T2
7843749	CPR:6	Y	?	Arg1:T1	Arg2:T3
7843749	CPR:6	Y	?	Arg1:T2	Arg2:T4
7855217	CPR:5	Y	?	Arg1:T2	Arg2:T3
7855217	CPR:6	Y	?	Arg1:T1	Arg2:T3
7858879	CPR:6	Y	?	Arg1:T1	Arg2:T3
7858879	CPR:6	Y	?	Arg1:T2	Arg2:T4
7898773	CPR:6	Y	?	Arg1:T1	Arg2:T3
7898773	CPR:6	Y	?	Arg1:T2	Arg2:T4
7921608	CPR:6	Y	?	Arg1:T1	Arg2:T4
7921608	CPR:6	Y	?	Arg1:T2	Arg2:T5
7921608	CPR:6	Y	?	Arg1:T3	Arg2:T6
7928982	CPR:4	Y	?	Arg1:T1	Arg2:T3
7928982	CPR:4	Y	?	Arg1:T2	Arg2:T4
7962113	CPR:6	Y	?	Arg1:T1	Arg2:T2
8000225	CPR:5	Y	?	Arg1:T1	Arg2:T3
8000225	CPR:5	Y	?	Arg1:T2	Arg2:T4
8003661	CPR:4	Y	?	Arg1:T1	Arg2:T2
8020989	CPR:5	Y	?	Arg1:T1	Arg2:T2
8070313	CPR:4	Y	?	Arg1:T2	Arg2:T5
8070313	CPR:4	Y	?	Arg1:T3	Arg2:T8
8070313	CPR:4	Y	?	Arg1:T1	Arg2:T4
8070313	CPR:4	Y	?	Arg1:T2	Arg2:T6
8070313	CPR:4	Y	?	Arg1:T3	Arg2:T7
8081071	CPR:6	Y	?	Arg1:T1	Arg2:T3
8081071	CPR:6	Y	?	Arg1:T2	Arg2:T4
8098761	CPR:6	Y	?	Arg1:T1	Arg2:T3
8098761	CPR:6	Y	?	Arg1:T2	Arg2:T4
8144028	CPR:5	Y	?	Arg1:T1	Arg2:T4
8144028	CPR:5	Y	?	Arg1:T2	Arg2:T5
8144028	CPR:5	Y	?	Arg1:T3	Arg2:T6
8182534	CPR:3	Y	?	Arg1:T1	Arg2:T2
8242249	CPR:6	Y	?	Arg1:T1	Arg2:T4
8242249	CPR:6	Y	?	Arg1:T2	Arg2:T5
8242249	CPR:6	Y	?	Arg1:T3	Arg2:T6
8298083	CPR:4	Y	?	Arg1:T1	Arg2:T2
8392199	CPR:6	Y	?	Arg1:T1	Arg2:T2
8513851	CPR:4	Y	?	Arg1:T1	Arg2:T4
8513851	CPR:4	Y	?	Arg1:T2	Arg2:T5
8513851	CPR:4	Y	?	Arg1:T3	Arg2:T6
8521855	CPR:3	Y	?	Arg1:T1	Arg2:T2
8566109	CPR:4	Y	?	Arg1:T1	Arg2:T2
8576220	CPR:4	Y	?	Arg1:T1	Arg2:T3
8576220	CPR:4	Y	?	Arg1:T2	Arg2:T4
8577935	CPR:6	Y	?	Arg1:T1	Arg2:T8
8577935	CPR:6	Y	?	Arg1:T2	Arg2:T9
8577935	CPR:6	Y	?	Arg1:T3	Arg2:T10
8577935	CPR:6	Y	?	Arg1:T4	Arg2:T11
8577935	CPR:6	Y	?	Arg1:T5	Arg2:T12
8577935	CPR:6	Y	?	Arg1:T6	Arg2:T13
8577935	CPR:6	Y	?	Arg1:T7	Arg2:T14
8605869	CPR:4	Y	?	Arg1:T1	Arg2:T2
8609227	CPR:6	Y	?	Arg1:T1	Arg2:T4
8609227	CPR:6	Y	?	Arg1:T2	Arg2:T5
8609227	CPR:6	Y	?	Arg1:T3	Arg2:T6
8610169	CPR:4	Y	?	Arg1:T1	Arg2:T2
8612523	CPR:4	Y	?	Arg1:T1	Arg2:T2
8615854	CPR:4	Y	?	Arg1:T1	Arg2:T2
8622623	CPR:5	Y	?	Arg1:T1	Arg2:T2
8652509	CPR:4	Y	?	Arg1:T1	Arg2:T2
8657204	CPR:4	Y	?	Arg1:T1	Arg2:T2
8664284	CPR:4	Y	?	Arg1:T1	Arg2:T8
8664284	CPR:4	Y	?	Arg1:T2	Arg2:T9
8664284	CPR:4	Y	?	Arg1:T3	Arg2:T10
8664284	CPR:4	Y	?	Arg1:T4	Arg2:T11
8664284	CPR:4	Y	?	Arg1:T5	Arg2:T12
8664284	CPR:4	Y	?	Arg1:T6	Arg2:T13
8664284	CPR:4	Y	?	Arg1:T7	Arg2:T14
8700146	CPR:4	Y	?	Arg1:T1	Arg2:T5
8700146	CPR:4	Y	?	Arg1:T2	Arg2:T6
8700146	CPR:4	Y	?	Arg1:T3	Arg2:T7
8700146	CPR:4	Y	?	Arg1:T4	Arg2:T8
8737748	CPR:4	Y	?	Arg1:T1	Arg2:T2
8741180	CPR:5	Y	?	Arg1:T1	Arg2:T4
8741180	CPR:5	Y	?	Arg1:T2	Arg2:T5
8741180	CPR:5	Y	?	Arg1:T3	Arg2:T6
8762097	CPR:6	Y	?	Arg1:T1	Arg2:T6
8762097	CPR:6	Y	?	Arg1:T2	Arg2:T7
8762097	CPR:6	Y	?	Arg1:T3	Arg2:T8
8762097	CPR:6	Y	?	Arg1:T4	Arg2:T9
8762097	CPR:6	Y	?	Arg1:T5	Arg2:T10
8781782	CPR:4	Y	?	Arg1:T1	Arg2:T3
8781782	CPR:4	Y	?	Arg1:T2	Arg2:T4
8786535	CPR:6	Y	?	Arg1:T1	Arg2:T3
8786535	CPR:6	Y	?	Arg1:T2	Arg2:T3
8787774	CPR:5	Y	?	Arg1:T1	Arg2:T2
8788445	CPR:5	Y	?	Arg1:T1	Arg2:T2
8809191	CPR:4	Y	?	Arg1:T1	Arg2:T2
8842678	CPR:4	Y	?	Arg1:T1	Arg2:T2
8876023	CPR:6	Y	?	Arg1:T1	Arg2:T3
8876023	CPR:6	Y	?	Arg1:T2	Arg2:T4
8886398	CPR:6	Y	?	Arg1:T1	Arg2:T2
8904614	CPR:5	Y	?	Arg1:T1	Arg2:T5
8904614	CPR:5	Y	?	Arg1:T2	Arg2:T6
8904614	CPR:5	Y	?	Arg1:T3	Arg2:T7
8904614	CPR:5	Y	?	Arg1:T4	Arg2:T8
8922878	CPR:6	Y	?	Arg1:T1	Arg2:T5
8922878	CPR:6	Y	?	Arg1:T2	Arg2:T7
8922878	CPR:6	Y	?	Arg1:T3	Arg2:T8
8922878	CPR:5	Y	?	Arg1:T1	Arg2:T4
8922878	CPR:5	Y	?	Arg1:T2	Arg2:T6
8997630	CPR:6	Y	?	Arg1:T1	Arg2:T3
8997630	CPR:6	Y	?	Arg1:T2	Arg2:T4
9013583	CPR:3	Y	?	Arg1:T1	Arg2:T3
9013583	CPR:3	Y	?	Arg1:T2	Arg2:T4
9035701	CPR:5	Y	?	Arg1:T1	Arg2:T2
9048584	CPR:5	Y	?	Arg1:T1	Arg2:T2
9056052	CPR:5	Y	?	Arg1:T1	Arg2:T2
9108546	CPR:4	Y	?	Arg1:T1	Arg2:T3
9108546	CPR:4	Y	?	Arg1:T2	Arg2:T4
9120573	CPR:6	Y	?	Arg1:T1	Arg2:T2
9120573	CPR:6	Y	?	Arg1:T1	Arg2:T3
9127118	CPR:5	Y	?	Arg1:T1	Arg2:T4
9127118	CPR:5	Y	?	Arg1:T2	Arg2:T5
9127118	CPR:5	Y	?	Arg1:T3	Arg2:T6
9127492	CPR:4	Y	?	Arg1:T1	Arg2:T2
9145928	CPR:6	Y	?	Arg1:T1	Arg2:T2
9152412	CPR:4	Y	?	Arg1:T1	Arg2:T2
9256165	CPR:6	Y	?	Arg1:T1	Arg2:T3
9256165	CPR:6	Y	?	Arg1:T2	Arg2:T4
9259062	CPR:6	Y	?	Arg1:T1	Arg2:T2
9310465	CPR:5	Y	?	Arg1:T1	Arg2:T2
9326581	CPR:4	Y	?	Arg1:T1	Arg2:T2
9326581	CPR:6	Y	?	Arg1:T1	Arg2:T2
9357398	CPR:4	Y	?	Arg1:T1	Arg2:T3
9357398	CPR:4	Y	?	Arg1:T2	Arg2:T4
9364810	CPR:4	Y	?	Arg1:T1	Arg2:T4
9364810	CPR:4	Y	?	Arg1:T2	Arg2:T5
9364810	CPR:4	Y	?	Arg1:T3	Arg2:T6
9380737	CPR:4	Y	?	Arg1:T1	Arg2:T2
9387868	CPR:4	Y	?	Arg1:T1	Arg2:T4
9387868	CPR:4	Y	?	Arg1:T2	Arg2:T5
9387868	CPR:4	Y	?	Arg1:T3	Arg2:T6
9422361	CPR:4	Y	?	Arg1:T1	Arg2:T2
9439778	CPR:4	Y	?	Arg1:T1	Arg2:T3
9439778	CPR:4	Y	?	Arg1:T2	Arg2:T4
9454790	CPR:6	Y	?	Arg1:T1	Arg2:T2
9506845	CPR:4	Y	?	Arg1:T1	Arg2:T4
9506845	CPR:4	Y	?	Arg1:T2	Arg2:T5
9506845	CPR:4	Y	?	Arg1:T3	Arg2:T6
9541386	CPR:4	Y	?	Arg1:T1	Arg2:T2
9564606	CPR:4	Y	?	Arg1:T1	Arg2:T4
9564606	CPR:4	Y	?	Arg1:T2	Arg2:T5
9564606	CPR:4	Y	?	Arg1:T3	Arg2:T6
9570326	CPR:4	Y	?	Arg1:T1	Arg2:T2
9572299	CPR:6	Y	?	Arg1:T1	Arg2:T4
9572299	CPR:6	Y	?	Arg1:T2	Arg2:T5
9572299	CPR:6	Y	?	Arg1:T3	Arg2:T6
9602957	CPR:6	Y	?	Arg1:T1	Arg2:T2
9605573	CPR:5	Y	?	Arg1:T1	Arg2:T3
9605573	CPR:5	Y	?	Arg1:T2	Arg2:T4
9647463	CPR:6	Y	?	Arg1:T1	Arg2:T3
9647463	CPR:6	Y	?	Arg1:T2	Arg2:T4
9648873	CPR:4	Y	?	Arg1:T1	Arg2:T3
9648873	CPR:4	Y	?	Arg1:T2	Arg2:T4
9650800	CPR:5	Y	?	Arg1:T1	Arg2:T4
9650800	CPR:5	Y	?	Arg1:T3	Arg2:T4
9650800	CPR:5	Y	?	Arg1:T2	Arg2:T4
9685234	CPR:4	Y	?	Arg1:T1	Arg2:T2
9685354	CPR:4	Y	?	Arg1:T1	Arg2:T2
9694935	CPR:4	Y	?	Arg1:T1	Arg2:T6
9694935	CPR:4	Y	?	Arg1:T2	Arg2:T7
9694935	CPR:4	Y	?	Arg1:T3	Arg2:T8
9694935	CPR:4	Y	?	Arg1:T4	Arg2:T9
9694935	CPR:4	Y	?	Arg1:T5	Arg2:T10
9712836	CPR:6	Y	?	Arg1:T1	Arg2:T2
9733584	CPR:5	Y	?	Arg1:T1	Arg2:T2
9740313	CPR:4	Y	?	Arg1:T1	Arg2:T2
9765513	CPR:4	Y	?	Arg1:T1	Arg2:T3
9765513	CPR:4	Y	?	Arg1:T2	Arg2:T4
9806333	CPR:6	Y	?	Arg1:T1	Arg2:T2
9822768	CPR:3	Y	?	Arg1:T1	Arg2:T2
9885294	CPR:4	Y	?	Arg1:T1	Arg2:T2
9886939	CPR:6	Y	?	Arg1:T1	Arg2:T7
9886939	CPR:6	Y	?	Arg1:T2	Arg2:T8
9886939	CPR:6	Y	?	Arg1:T3	Arg2:T9
9886939	CPR:6	Y	?	Arg1:T4	Arg2:T10
9886939	CPR:6	Y	?	Arg1:T5	Arg2:T11
9886939	CPR:6	Y	?	Arg1:T6	Arg2:T12
9892163	CPR:6	Y	?	Arg1:T1	Arg2:T3
9892163	CPR:6	Y	?	Arg1:T2	Arg2:T4
9929558	CPR:4	Y	?	Arg1:T1	Arg2:T3
9929558	CPR:4	Y	?	Arg1:T2	Arg2:T4
9990413	CPR:5	Y	?	Arg1:T1	Arg2:T3
9990413	CPR:5	Y	?	Arg1:T2	Arg2:T4
9990415	CPR:5	Y	?	Arg1:T1	Arg2:T2
